id,contest_id,contest_index,contest_title,contest_type,contest_date,problem_letter,problem_title,oj,oj_prob_code,cf_rating,difficulty_level,primary_category,tags,contest_url,vjudge_url
1,536105,1,Team Forming Contest 1 for ICPC '22,Team Forming,2022-12-29,A,A,Gym,101059C,1200,Medium,Implementation,implementation,https://vjudge.net/contest/536105#problem/A,https://vjudge.net/problem/Gym-101059C
2,536105,1,Team Forming Contest 1 for ICPC '22,Team Forming,2022-12-29,B,B,Gym,101059B,1310,Medium,Implementation,implementation,https://vjudge.net/contest/536105#problem/B,https://vjudge.net/problem/Gym-101059B
3,536105,1,Team Forming Contest 1 for ICPC '22,Team Forming,2022-12-29,C,C,Gym,101059D,1420,Medium,Implementation,implementation,https://vjudge.net/contest/536105#problem/C,https://vjudge.net/problem/Gym-101059D
4,536105,1,Team Forming Contest 1 for ICPC '22,Team Forming,2022-12-29,D,D,Gym,101059E,1530,Medium,Implementation,implementation,https://vjudge.net/contest/536105#problem/D,https://vjudge.net/problem/Gym-101059E
5,536105,1,Team Forming Contest 1 for ICPC '22,Team Forming,2022-12-29,E,E,CodeForces,120G,1800,Hard,Implementation,implementation,https://vjudge.net/contest/536105#problem/E,https://vjudge.net/problem/CodeForces-120G
6,536105,1,Team Forming Contest 1 for ICPC '22,Team Forming,2022-12-29,F,F,CodeForces,120J,1900,Hard,Geometry,"divide and conquer, geometry, sortings",https://vjudge.net/contest/536105#problem/F,https://vjudge.net/problem/CodeForces-120J
7,536105,1,Team Forming Contest 1 for ICPC '22,Team Forming,2022-12-29,G,G,CodeForces,218C,1400,Medium,Implementation,implementation,https://vjudge.net/contest/536105#problem/G,https://vjudge.net/problem/CodeForces-218C
8,536105,1,Team Forming Contest 1 for ICPC '22,Team Forming,2022-12-29,H,H,CodeForces,218B,1100,Easy,Implementation,implementation,https://vjudge.net/contest/536105#problem/H,https://vjudge.net/problem/CodeForces-218B
9,536105,1,Team Forming Contest 1 for ICPC '22,Team Forming,2022-12-29,I,I(Problem F in the pdf),Gym,101353F,2080,Expert,Implementation,implementation,https://vjudge.net/contest/536105#problem/I,https://vjudge.net/problem/Gym-101353F
10,536360,2,Team Forming Contest 2 for ICPC '22,Team Forming,2022-12-31,A,A,CodeChef,OPERATE,1200,Medium,Implementation,implementation,https://vjudge.net/contest/536360#problem/A,https://vjudge.net/problem/CodeChef-OPERATE
11,536360,2,Team Forming Contest 2 for ICPC '22,Team Forming,2022-12-31,B,B,CodeChef,PILGRIMS,1310,Medium,Implementation,implementation,https://vjudge.net/contest/536360#problem/B,https://vjudge.net/problem/CodeChef-PILGRIMS
12,536360,2,Team Forming Contest 2 for ICPC '22,Team Forming,2022-12-31,C,C,CodeForces,337A,900,Easy,Greedy,greedy,https://vjudge.net/contest/536360#problem/C,https://vjudge.net/problem/CodeForces-337A
13,536360,2,Team Forming Contest 2 for ICPC '22,Team Forming,2022-12-31,D,D,CodeForces,336A,1000,Easy,Math & Number Theory,"implementation, math",https://vjudge.net/contest/536360#problem/D,https://vjudge.net/problem/CodeForces-336A
14,536360,2,Team Forming Contest 2 for ICPC '22,Team Forming,2022-12-31,E,E,CodeChef,STONED,1640,Hard,Implementation,implementation,https://vjudge.net/contest/536360#problem/E,https://vjudge.net/problem/CodeChef-STONED
15,536360,2,Team Forming Contest 2 for ICPC '22,Team Forming,2022-12-31,F,F,CodeForces,248E,2600,Expert,Dynamic Programming,"dp, math, probabilities",https://vjudge.net/contest/536360#problem/F,https://vjudge.net/problem/CodeForces-248E
16,536360,2,Team Forming Contest 2 for ICPC '22,Team Forming,2022-12-31,G,G,CodeChef,ENG5,1860,Hard,Implementation,implementation,https://vjudge.net/contest/536360#problem/G,https://vjudge.net/problem/CodeChef-ENG5
17,536360,2,Team Forming Contest 2 for ICPC '22,Team Forming,2022-12-31,H,H,CodeChef,SUMNCR,1970,Hard,Implementation,implementation,https://vjudge.net/contest/536360#problem/H,https://vjudge.net/problem/CodeChef-SUMNCR
18,536360,2,Team Forming Contest 2 for ICPC '22,Team Forming,2022-12-31,I,I,CodeForces,278C,1400,Medium,Implementation,implementation,https://vjudge.net/contest/536360#problem/I,https://vjudge.net/problem/CodeForces-278C
19,536610,3,Team Forming Contest 3 for ICPC '22,Team Forming,2023-01-02,A,A,CodeChef,TRECYB,1200,Medium,Implementation,implementation,https://vjudge.net/contest/536610#problem/A,https://vjudge.net/problem/CodeChef-TRECYB
20,536610,3,Team Forming Contest 3 for ICPC '22,Team Forming,2023-01-02,B,B,CodeChef,ADTCHP,1310,Medium,Implementation,implementation,https://vjudge.net/contest/536610#problem/B,https://vjudge.net/problem/CodeChef-ADTCHP
21,536610,3,Team Forming Contest 3 for ICPC '22,Team Forming,2023-01-02,C,C,CodeChef,HARRYPSS,1420,Medium,Implementation,implementation,https://vjudge.net/contest/536610#problem/C,https://vjudge.net/problem/CodeChef-HARRYPSS
22,536610,3,Team Forming Contest 3 for ICPC '22,Team Forming,2023-01-02,D,D,CodeForces,813E,2200,Expert,Data Structures,"binary search, data structures",https://vjudge.net/contest/536610#problem/D,https://vjudge.net/problem/CodeForces-813E
23,536610,3,Team Forming Contest 3 for ICPC '22,Team Forming,2023-01-02,E,E,CodeForces,1314E,1400,Medium,Implementation,implementation,https://vjudge.net/contest/536610#problem/E,https://vjudge.net/problem/CodeForces-1314E
24,536610,3,Team Forming Contest 3 for ICPC '22,Team Forming,2023-01-02,F,F,CodeForces,355A,1100,Easy,Games & Constructive,"constructive algorithms, implementation",https://vjudge.net/contest/536610#problem/F,https://vjudge.net/problem/CodeForces-355A
25,536610,3,Team Forming Contest 3 for ICPC '22,Team Forming,2023-01-02,G,G,CodeForces,350B,1500,Medium,Graphs,graphs,https://vjudge.net/contest/536610#problem/G,https://vjudge.net/problem/CodeForces-350B
26,536610,3,Team Forming Contest 3 for ICPC '22,Team Forming,2023-01-02,H,H,CodeForces,347A,1300,Medium,Games & Constructive,"constructive algorithms, implementation, sortings",https://vjudge.net/contest/536610#problem/H,https://vjudge.net/problem/CodeForces-347A
27,536610,3,Team Forming Contest 3 for ICPC '22,Team Forming,2023-01-02,I,I,CodeChef,SURVIVE,2080,Expert,Implementation,implementation,https://vjudge.net/contest/536610#problem/I,https://vjudge.net/problem/CodeChef-SURVIVE
28,536782,4,Team Forming Contest 4 for ICPC '22,Team Forming,2023-01-03,A,A,CodeForces,51E,2400,Expert,Graphs,"combinatorics, graphs, matrices",https://vjudge.net/contest/536782#problem/A,https://vjudge.net/problem/CodeForces-51E
29,536782,4,Team Forming Contest 4 for ICPC '22,Team Forming,2023-01-03,B,B,CodeForces,1198E,2500,Expert,Graphs,"flows, graph matchings, graphs",https://vjudge.net/contest/536782#problem/B,https://vjudge.net/problem/CodeForces-1198E
30,536782,4,Team Forming Contest 4 for ICPC '22,Team Forming,2023-01-03,C,C,SPOJ,OPMODULO,1420,Medium,Implementation,implementation,https://vjudge.net/contest/536782#problem/C,https://vjudge.net/problem/SPOJ-OPMODULO
31,536782,4,Team Forming Contest 4 for ICPC '22,Team Forming,2023-01-03,D,D,CodeForces,55B,1600,Hard,Implementation,brute force,https://vjudge.net/contest/536782#problem/D,https://vjudge.net/problem/CodeForces-55B
32,536782,4,Team Forming Contest 4 for ICPC '22,Team Forming,2023-01-03,E,E,Gym,101991A,1640,Hard,Implementation,implementation,https://vjudge.net/contest/536782#problem/E,https://vjudge.net/problem/Gym-101991A
33,536782,4,Team Forming Contest 4 for ICPC '22,Team Forming,2023-01-03,F,F,AtCoder,abc144_a,800,Easy,Implementation,"implementation, basic math",https://vjudge.net/contest/536782#problem/F,https://vjudge.net/problem/AtCoder-abc144_a
34,536782,4,Team Forming Contest 4 for ICPC '22,Team Forming,2023-01-03,G,G,AtCoder,abc144_b,800,Easy,Implementation,"implementation, basic math",https://vjudge.net/contest/536782#problem/G,https://vjudge.net/problem/AtCoder-abc144_b
35,536782,4,Team Forming Contest 4 for ICPC '22,Team Forming,2023-01-03,H,H,AtCoder,abc144_c,1033,Easy,Greedy,"greedy, math, binary search",https://vjudge.net/contest/536782#problem/H,https://vjudge.net/problem/AtCoder-abc144_c
36,536782,4,Team Forming Contest 4 for ICPC '22,Team Forming,2023-01-03,I,I,AtCoder,abc144_d,1296,Medium,Dynamic Programming,"dp, graphs, data structures",https://vjudge.net/contest/536782#problem/I,https://vjudge.net/problem/AtCoder-abc144_d
37,536782,4,Team Forming Contest 4 for ICPC '22,Team Forming,2023-01-03,J,J(problem B in the pdf),Gym,101471B,2190,Expert,Implementation,implementation,https://vjudge.net/contest/536782#problem/J,https://vjudge.net/problem/Gym-101471B
38,537133,5,Team Forming Contest 5 for ICPC '22,Team Forming,2023-01-05,A,A,Gym,100923D,1200,Medium,Implementation,implementation,https://vjudge.net/contest/537133#problem/A,https://vjudge.net/problem/Gym-100923D
39,537133,5,Team Forming Contest 5 for ICPC '22,Team Forming,2023-01-05,B,B,SPOJ,BAPM,1310,Medium,Implementation,implementation,https://vjudge.net/contest/537133#problem/B,https://vjudge.net/problem/SPOJ-BAPM
40,537133,5,Team Forming Contest 5 for ICPC '22,Team Forming,2023-01-05,C,C,CodeForces,902D,1400,Medium,Implementation,implementation,https://vjudge.net/contest/537133#problem/C,https://vjudge.net/problem/CodeForces-902D
41,537133,5,Team Forming Contest 5 for ICPC '22,Team Forming,2023-01-05,D,D,SPOJ,SUBSET,1530,Medium,Implementation,implementation,https://vjudge.net/contest/537133#problem/D,https://vjudge.net/problem/SPOJ-SUBSET
42,537133,5,Team Forming Contest 5 for ICPC '22,Team Forming,2023-01-05,E,E,CodeChef,MGCHGEOM,1640,Hard,Implementation,implementation,https://vjudge.net/contest/537133#problem/E,https://vjudge.net/problem/CodeChef-MGCHGEOM
43,537133,5,Team Forming Contest 5 for ICPC '22,Team Forming,2023-01-05,F,F,SPOJ,DIVSTR,1750,Hard,Implementation,implementation,https://vjudge.net/contest/537133#problem/F,https://vjudge.net/problem/SPOJ-DIVSTR
44,537133,5,Team Forming Contest 5 for ICPC '22,Team Forming,2023-01-05,G,G,CodeChef,LMATRIX3,1860,Hard,Implementation,implementation,https://vjudge.net/contest/537133#problem/G,https://vjudge.net/problem/CodeChef-LMATRIX3
45,537133,5,Team Forming Contest 5 for ICPC '22,Team Forming,2023-01-05,H,H,CodeChef,CNPIIM,1970,Hard,Implementation,implementation,https://vjudge.net/contest/537133#problem/H,https://vjudge.net/problem/CodeChef-CNPIIM
46,537133,5,Team Forming Contest 5 for ICPC '22,Team Forming,2023-01-05,I,I,CodeChef,TANGDIV,2080,Expert,Implementation,implementation,https://vjudge.net/contest/537133#problem/I,https://vjudge.net/problem/CodeChef-TANGDIV
47,537550,6,Beginner: Long Contest on Graph Theory,Beginner Contest,2023-01-07,A,Building Roads,CSES,1666,1000,Easy,Graphs,"graphs, dsu, dfs and similar",https://vjudge.net/contest/537550#problem/A,https://vjudge.net/problem/CSES-1666
48,537550,6,Beginner: Long Contest on Graph Theory,Beginner Contest,2023-01-07,B,Planets Cycles,CSES,1751,1500,Medium,Graphs,"graphs, functional graph, dfs and similar",https://vjudge.net/contest/537550#problem/B,https://vjudge.net/problem/CSES-1751
49,537550,6,Beginner: Long Contest on Graph Theory,Beginner Contest,2023-01-07,C,Labyrinth,CSES,1193,1100,Easy,Graphs,"graphs, bfs",https://vjudge.net/contest/537550#problem/C,https://vjudge.net/problem/CSES-1193
50,537550,6,Beginner: Long Contest on Graph Theory,Beginner Contest,2023-01-07,D,Monsters,CSES,1194,1300,Medium,Graphs,"graphs, bfs, shortest paths",https://vjudge.net/contest/537550#problem/D,https://vjudge.net/problem/CSES-1194
51,537550,6,Beginner: Long Contest on Graph Theory,Beginner Contest,2023-01-07,E,Graph Girth,CSES,1707,1600,Hard,Graphs,"graphs, bfs, cycles",https://vjudge.net/contest/537550#problem/E,https://vjudge.net/problem/CSES-1707
52,537550,6,Beginner: Long Contest on Graph Theory,Beginner Contest,2023-01-07,F,Birthday Party,Kattis,birthday,1300,Medium,Graphs,"graphs, dfs and similar",https://vjudge.net/contest/537550#problem/F,https://vjudge.net/problem/Kattis-birthday
53,537550,6,Beginner: Long Contest on Graph Theory,Beginner Contest,2023-01-07,G,Flight Routes Check,CSES,1682,1500,Medium,Graphs,"graphs, scc, dfs and similar",https://vjudge.net/contest/537550#problem/G,https://vjudge.net/problem/CSES-1682
54,537550,6,Beginner: Long Contest on Graph Theory,Beginner Contest,2023-01-07,H,Badge,CodeForces,1020B,1000,Easy,Graphs,"brute force, dfs and similar, graphs",https://vjudge.net/contest/537550#problem/H,https://vjudge.net/problem/CodeForces-1020B
55,537550,6,Beginner: Long Contest on Graph Theory,Beginner Contest,2023-01-07,I,Mahmoud and Ehab and the bipartiteness,CodeForces,862B,1300,Medium,Trees,"dfs and similar, graphs, trees",https://vjudge.net/contest/537550#problem/I,https://vjudge.net/problem/CodeForces-862B
56,537550,6,Beginner: Long Contest on Graph Theory,Beginner Contest,2023-01-07,J,PolandBall and Forest,CodeForces,755C,1300,Medium,Trees,"dfs and similar, dsu, graphs, interactive, trees",https://vjudge.net/contest/537550#problem/J,https://vjudge.net/problem/CodeForces-755C
57,537550,6,Beginner: Long Contest on Graph Theory,Beginner Contest,2023-01-07,K,Journey,CodeForces,839C,1500,Medium,Dynamic Programming,"dfs and similar, dp, graphs, probabilities, trees",https://vjudge.net/contest/537550#problem/K,https://vjudge.net/problem/CodeForces-839C
58,537550,6,Beginner: Long Contest on Graph Theory,Beginner Contest,2023-01-07,L,Wizard's Tour,CodeForces,860D,2300,Expert,Graphs,"constructive algorithms, dfs and similar, graphs",https://vjudge.net/contest/537550#problem/L,https://vjudge.net/problem/CodeForces-860D
59,537550,6,Beginner: Long Contest on Graph Theory,Beginner Contest,2023-01-07,M,Cooperative Game,CodeForces,1137D,2400,Expert,Math & Number Theory,"constructive algorithms, interactive, number theory",https://vjudge.net/contest/537550#problem/M,https://vjudge.net/problem/CodeForces-1137D
60,537550,6,Beginner: Long Contest on Graph Theory,Beginner Contest,2023-01-07,N,Solve The Maze,CodeForces,1365D,1700,Hard,Graphs,"constructive algorithms, dfs and similar, dsu, graphs, greedy, implementation, shortest paths",https://vjudge.net/contest/537550#problem/N,https://vjudge.net/problem/CodeForces-1365D
61,537550,6,Beginner: Long Contest on Graph Theory,Beginner Contest,2023-01-07,O,Cover it!,CodeForces,1176E,1700,Hard,Trees,"dfs and similar, dsu, graphs, shortest paths, trees",https://vjudge.net/contest/537550#problem/O,https://vjudge.net/problem/CodeForces-1176E
62,537550,6,Beginner: Long Contest on Graph Theory,Beginner Contest,2023-01-07,P,Connected Components?,CodeForces,920E,2100,Expert,Graphs,"data structures, dfs and similar, dsu, graphs",https://vjudge.net/contest/537550#problem/P,https://vjudge.net/problem/CodeForces-920E
63,537550,6,Beginner: Long Contest on Graph Theory,Beginner Contest,2023-01-07,Q,Counting Rooms,CSES,1192,1000,Easy,Graphs,"graphs, dfs and similar",https://vjudge.net/contest/537550#problem/Q,https://vjudge.net/problem/CSES-1192
64,537550,6,Beginner: Long Contest on Graph Theory,Beginner Contest,2023-01-07,R,Tree Diameter,CSES,1131,1300,Medium,Trees,"trees, dfs and similar",https://vjudge.net/contest/537550#problem/R,https://vjudge.net/problem/CSES-1131
65,537550,6,Beginner: Long Contest on Graph Theory,Beginner Contest,2023-01-07,S,Tree Distances I,CSES,1132,1500,Medium,Trees,"trees, dfs and similar, dp",https://vjudge.net/contest/537550#problem/S,https://vjudge.net/problem/CSES-1132
66,537550,6,Beginner: Long Contest on Graph Theory,Beginner Contest,2023-01-07,T,Tree Distances II,CSES,1133,1500,Medium,Trees,"trees, dp, dfs and similar",https://vjudge.net/contest/537550#problem/T,https://vjudge.net/problem/CSES-1133
67,537550,6,Beginner: Long Contest on Graph Theory,Beginner Contest,2023-01-07,U,Even Outdegree Edges,CSES,2179,1800,Hard,Graphs,"graphs, dfs and similar, constructive algorithms",https://vjudge.net/contest/537550#problem/U,https://vjudge.net/problem/CSES-2179
68,537550,6,Beginner: Long Contest on Graph Theory,Beginner Contest,2023-01-07,V,Small Multiple,AtCoder,arc084_b,2688,Expert,Implementation,"implementation, basic math",https://vjudge.net/contest/537550#problem/V,https://vjudge.net/problem/AtCoder-arc084_b
69,537550,6,Beginner: Long Contest on Graph Theory,Beginner Contest,2023-01-07,W,Swap Game,CSES,1670,1400,Medium,Graphs,"graphs, bfs, shortest paths",https://vjudge.net/contest/537550#problem/W,https://vjudge.net/problem/CSES-1670
70,537550,6,Beginner: Long Contest on Graph Theory,Beginner Contest,2023-01-07,X,Course Schedule,CSES,1679,1300,Medium,Graphs,"graphs, topological sort, dfs and similar",https://vjudge.net/contest/537550#problem/X,https://vjudge.net/problem/CSES-1679
71,537550,6,Beginner: Long Contest on Graph Theory,Beginner Contest,2023-01-07,Y,Round Trip II,CSES,1678,1400,Medium,Graphs,"graphs, dfs and similar, cycles",https://vjudge.net/contest/537550#problem/Y,https://vjudge.net/problem/CSES-1678
72,537550,6,Beginner: Long Contest on Graph Theory,Beginner Contest,2023-01-07,Z,Game Routes,CSES,1681,1400,Medium,Dynamic Programming,"dp, graphs, topological sort",https://vjudge.net/contest/537550#problem/Z,https://vjudge.net/problem/CSES-1681
73,537550,6,Beginner: Long Contest on Graph Theory,Beginner Contest,2023-01-07,AA,Course Schedule II,CSES,1757,1600,Hard,Graphs,"graphs, topological sort, greedy",https://vjudge.net/contest/537550#problem/AA,https://vjudge.net/problem/CSES-1757
74,537550,6,Beginner: Long Contest on Graph Theory,Beginner Contest,2023-01-07,AB,Independent Set,AtCoder,dp_p,1200,Medium,Implementation,implementation,https://vjudge.net/contest/537550#problem/AB,https://vjudge.net/problem/AtCoder-dp_p
75,537550,6,Beginner: Long Contest on Graph Theory,Beginner Contest,2023-01-07,AC,Nastia Plays with a Tree,CodeForces,1521D,2500,Expert,Dynamic Programming,"constructive algorithms, data structures, dfs and similar, dp, dsu, greedy, implementation, trees",https://vjudge.net/contest/537550#problem/AC,https://vjudge.net/problem/CodeForces-1521D
76,537550,6,Beginner: Long Contest on Graph Theory,Beginner Contest,2023-01-07,AD,Distance in Tree,CodeForces,161D,1800,Hard,Dynamic Programming,"dfs and similar, dp, trees",https://vjudge.net/contest/537550#problem/AD,https://vjudge.net/problem/CodeForces-161D
77,537809,7,Team Practice Contest 1,Team Practice,2023-01-09,A,Kings in 2D Grid,Gym,102141A,1100,Easy,Implementation,implementation,https://vjudge.net/contest/537809#problem/A,https://vjudge.net/problem/Gym-102141A
78,537809,7,Team Practice Contest 1,Team Practice,2023-01-09,B,Mysterious LCM,Gym,102141B,1200,Medium,Math & Number Theory,"number theory, math",https://vjudge.net/contest/537809#problem/B,https://vjudge.net/problem/Gym-102141B
79,537809,7,Team Practice Contest 1,Team Practice,2023-01-09,C,Swipe Your Time Away,Gym,102141C,1300,Medium,Implementation,implementation,https://vjudge.net/contest/537809#problem/C,https://vjudge.net/problem/Gym-102141C
80,537809,7,Team Practice Contest 1,Team Practice,2023-01-09,D,"DarkCity, CrimsonCity of FlightLand",Gym,102141D,1400,Medium,Implementation,implementation,https://vjudge.net/contest/537809#problem/D,https://vjudge.net/problem/Gym-102141D
81,537809,7,Team Practice Contest 1,Team Practice,2023-01-09,E,Consecutive Letters,Gym,102141E,1500,Medium,Implementation,implementation,https://vjudge.net/contest/537809#problem/E,https://vjudge.net/problem/Gym-102141E
82,537809,7,Team Practice Contest 1,Team Practice,2023-01-09,F,Palindromadness,Gym,102141F,1600,Hard,Implementation,implementation,https://vjudge.net/contest/537809#problem/F,https://vjudge.net/problem/Gym-102141F
83,537809,7,Team Practice Contest 1,Team Practice,2023-01-09,G,Decode The Alien Message,Gym,102141G,1700,Hard,Implementation,implementation,https://vjudge.net/contest/537809#problem/G,https://vjudge.net/problem/Gym-102141G
84,537809,7,Team Practice Contest 1,Team Practice,2023-01-09,H,Triangle Inside Rectangle Inside Pentagon,Gym,102141H,1800,Hard,Geometry,"geometry, math",https://vjudge.net/contest/537809#problem/H,https://vjudge.net/problem/Gym-102141H
85,537809,7,Team Practice Contest 1,Team Practice,2023-01-09,I,IFibonacci Power Sum,Gym,102141I,1900,Hard,Implementation,implementation,https://vjudge.net/contest/537809#problem/I,https://vjudge.net/problem/Gym-102141I
86,538120,8,Beginner Long: Basic Math,Beginner Contest,2023-01-13,A,A,CSES,1095,900,Easy,Math & Number Theory,"math, number theory, modular arithmetic",https://vjudge.net/contest/538120#problem/A,https://vjudge.net/problem/CSES-1095
87,538120,8,Beginner Long: Basic Math,Beginner Contest,2023-01-13,B,B,CSES,1712,1200,Medium,Math & Number Theory,"math, fermat little theorem, number theory",https://vjudge.net/contest/538120#problem/B,https://vjudge.net/problem/CSES-1712
88,538120,8,Beginner Long: Basic Math,Beginner Contest,2023-01-13,C,C,CSES,1713,1000,Easy,Math & Number Theory,"math, number theory",https://vjudge.net/contest/538120#problem/C,https://vjudge.net/problem/CSES-1713
89,538120,8,Beginner Long: Basic Math,Beginner Contest,2023-01-13,D,D,CSES,1081,1300,Medium,Math & Number Theory,"number theory, math, gcd",https://vjudge.net/contest/538120#problem/D,https://vjudge.net/problem/CSES-1081
90,538120,8,Beginner Long: Basic Math,Beginner Contest,2023-01-13,E,E,SPOJ,DIVFACT,1220,Medium,Math & Number Theory,"number theory, math",https://vjudge.net/contest/538120#problem/E,https://vjudge.net/problem/SPOJ-DIVFACT
91,538120,8,Beginner Long: Basic Math,Beginner Contest,2023-01-13,F,F,SPOJ,ADAGCD,1300,Medium,Math & Number Theory,"number theory, math",https://vjudge.net/contest/538120#problem/F,https://vjudge.net/problem/SPOJ-ADAGCD
92,538120,8,Beginner Long: Basic Math,Beginner Contest,2023-01-13,G,G,SPOJ,APS,1380,Medium,Math & Number Theory,"number theory, math",https://vjudge.net/contest/538120#problem/G,https://vjudge.net/problem/SPOJ-APS
93,538120,8,Beginner Long: Basic Math,Beginner Contest,2023-01-13,H,H,SPOJ,HS08PAUL,1400,Medium,Math & Number Theory,"number theory, math",https://vjudge.net/contest/538120#problem/H,https://vjudge.net/problem/SPOJ-HS08PAUL
94,538120,8,Beginner Long: Basic Math,Beginner Contest,2023-01-13,I,I,CodeForces,1514B,1200,Medium,Math & Number Theory,"bitmasks, combinatorics, math",https://vjudge.net/contest/538120#problem/I,https://vjudge.net/problem/CodeForces-1514B
95,538120,8,Beginner Long: Basic Math,Beginner Contest,2023-01-13,J,J,CodeForces,1487B,1200,Medium,Math & Number Theory,"math, number theory",https://vjudge.net/contest/538120#problem/J,https://vjudge.net/problem/CodeForces-1487B
96,538120,8,Beginner Long: Basic Math,Beginner Contest,2023-01-13,K,K,CodeForces,1372B,1300,Medium,Math & Number Theory,"greedy, math, number theory",https://vjudge.net/contest/538120#problem/K,https://vjudge.net/problem/CodeForces-1372B
97,538120,8,Beginner Long: Basic Math,Beginner Contest,2023-01-13,L,L,CodeForces,1536C,1500,Medium,Dynamic Programming,"data structures, dp, hashing, number theory",https://vjudge.net/contest/538120#problem/L,https://vjudge.net/problem/CodeForces-1536C
98,538120,8,Beginner Long: Basic Math,Beginner Contest,2023-01-13,M,M,CodeForces,1352C,1200,Medium,Math & Number Theory,"binary search, math",https://vjudge.net/contest/538120#problem/M,https://vjudge.net/problem/CodeForces-1352C
99,538120,8,Beginner Long: Basic Math,Beginner Contest,2023-01-13,N,N,CodeForces,1349A,1600,Hard,Math & Number Theory,"data structures, math, number theory",https://vjudge.net/contest/538120#problem/N,https://vjudge.net/problem/CodeForces-1349A
100,538120,8,Beginner Long: Basic Math,Beginner Contest,2023-01-13,O,O,CodeForces,1455B,1200,Medium,Math & Number Theory,"constructive algorithms, math",https://vjudge.net/contest/538120#problem/O,https://vjudge.net/problem/CodeForces-1455B
101,538120,8,Beginner Long: Basic Math,Beginner Contest,2023-01-13,P,P,CodeForces,1538F,1500,Medium,Dynamic Programming,"binary search, dp, math, number theory",https://vjudge.net/contest/538120#problem/P,https://vjudge.net/problem/CodeForces-1538F
102,538120,8,Beginner Long: Basic Math,Beginner Contest,2023-01-13,Q,Q,CodeForces,1514C,1600,Hard,Math & Number Theory,"greedy, number theory",https://vjudge.net/contest/538120#problem/Q,https://vjudge.net/problem/CodeForces-1514C
103,538120,8,Beginner Long: Basic Math,Beginner Contest,2023-01-13,R,R,AtCoder,abc169_d,1308,Medium,Dynamic Programming,"dp, graphs, data structures",https://vjudge.net/contest/538120#problem/R,https://vjudge.net/problem/AtCoder-abc169_d
104,538120,8,Beginner Long: Basic Math,Beginner Contest,2023-01-13,S,S,AtCoder,abc284_d,1261,Medium,Dynamic Programming,"dp, graphs, data structures",https://vjudge.net/contest/538120#problem/S,https://vjudge.net/problem/AtCoder-abc284_d
105,538120,8,Beginner Long: Basic Math,Beginner Contest,2023-01-13,T,T,AtCoder,abc280_d,1400,Medium,Dynamic Programming,"dp, graphs, data structures",https://vjudge.net/contest/538120#problem/T,https://vjudge.net/problem/AtCoder-abc280_d
106,538120,8,Beginner Long: Basic Math,Beginner Contest,2023-01-13,U,U,AtCoder,abc280_e,1645,Hard,Data Structures,"data structures, dp, graphs",https://vjudge.net/contest/538120#problem/U,https://vjudge.net/problem/AtCoder-abc280_e
107,538120,8,Beginner Long: Basic Math,Beginner Contest,2023-01-13,V,V,AtCoder,abc277_d,1396,Medium,Dynamic Programming,"dp, graphs, data structures",https://vjudge.net/contest/538120#problem/V,https://vjudge.net/problem/AtCoder-abc277_d
108,538120,8,Beginner Long: Basic Math,Beginner Contest,2023-01-13,W,W,AtCoder,abc276_d,1253,Medium,Dynamic Programming,"dp, graphs, data structures",https://vjudge.net/contest/538120#problem/W,https://vjudge.net/problem/AtCoder-abc276_d
109,538120,8,Beginner Long: Basic Math,Beginner Contest,2023-01-13,X,X,AtCoder,abc275_d,1229,Medium,Dynamic Programming,"dp, graphs, data structures",https://vjudge.net/contest/538120#problem/X,https://vjudge.net/problem/AtCoder-abc275_d
110,538120,8,Beginner Long: Basic Math,Beginner Contest,2023-01-13,Y,Y,LightOJ,1311,1400,Medium,Math & Number Theory,"number theory, math",https://vjudge.net/contest/538120#problem/Y,https://vjudge.net/problem/LightOJ-1311
111,538120,8,Beginner Long: Basic Math,Beginner Contest,2023-01-13,Z,Z,LightOJ,1179,1400,Medium,Math & Number Theory,"number theory, math",https://vjudge.net/contest/538120#problem/Z,https://vjudge.net/problem/LightOJ-1179
112,538468,9,NGPC Team Forming + Practice Contest 1,Team Forming,2023-01-13,A,A,CodeForces,1352A,800,Easy,Math & Number Theory,"implementation, math",https://vjudge.net/contest/538468#problem/A,https://vjudge.net/problem/CodeForces-1352A
113,538468,9,NGPC Team Forming + Practice Contest 1,Team Forming,2023-01-13,B,B,CodeForces,1352B,1200,Medium,Math & Number Theory,"constructive algorithms, math",https://vjudge.net/contest/538468#problem/B,https://vjudge.net/problem/CodeForces-1352B
114,538468,9,NGPC Team Forming + Practice Contest 1,Team Forming,2023-01-13,C,C,CodeForces,1352C,1200,Medium,Math & Number Theory,"binary search, math",https://vjudge.net/contest/538468#problem/C,https://vjudge.net/problem/CodeForces-1352C
115,538468,9,NGPC Team Forming + Practice Contest 1,Team Forming,2023-01-13,D,D,CodeForces,1352D,1300,Medium,Implementation,implementation,https://vjudge.net/contest/538468#problem/D,https://vjudge.net/problem/CodeForces-1352D
116,538468,9,NGPC Team Forming + Practice Contest 1,Team Forming,2023-01-13,E,E,CodeForces,1352E,1500,Medium,Binary Search & Two Pointers,"brute force, implementation, two pointers",https://vjudge.net/contest/538468#problem/E,https://vjudge.net/problem/CodeForces-1352E
117,538468,9,NGPC Team Forming + Practice Contest 1,Team Forming,2023-01-13,F,F,CodeForces,1352F,1500,Medium,Math & Number Theory,"constructive algorithms, dfs and similar, math",https://vjudge.net/contest/538468#problem/F,https://vjudge.net/problem/CodeForces-1352F
118,538468,9,NGPC Team Forming + Practice Contest 1,Team Forming,2023-01-13,G,G,AtCoder,abc195_b,1152,Easy,Implementation,"implementation, basic math",https://vjudge.net/contest/538468#problem/G,https://vjudge.net/problem/AtCoder-abc195_b
119,538468,9,NGPC Team Forming + Practice Contest 1,Team Forming,2023-01-13,H,H,AtCoder,abc182_b,800,Easy,Implementation,"implementation, basic math",https://vjudge.net/contest/538468#problem/H,https://vjudge.net/problem/AtCoder-abc182_b
120,538468,9,NGPC Team Forming + Practice Contest 1,Team Forming,2023-01-13,I,I,AtCoder,abc163_b,1200,Medium,Implementation,"implementation, basic math",https://vjudge.net/contest/538468#problem/I,https://vjudge.net/problem/AtCoder-abc163_b
121,538538,10,Team Practice Contest 2,Team Practice,2023-01-14,A,"Game of Tic-Tac-Toe, Again",Toph,game-of-tic-tac-toe-again,1100,Easy,Games & Constructive,"games, constructive algorithms",https://vjudge.net/contest/538538#problem/A,https://vjudge.net/problem/Toph-game-of-tic-tac-toe-again
122,538538,10,Team Practice Contest 2,Team Practice,2023-01-14,B,Superman and the Buildings of Dahaka,Toph,superman-and-the-buildings-of-dahaka,1200,Medium,Implementation,implementation,https://vjudge.net/contest/538538#problem/B,https://vjudge.net/problem/Toph-superman-and-the-buildings-of-dahaka
123,538538,10,Team Practice Contest 2,Team Practice,2023-01-14,C,My Small Number,Toph,my-small-number,1300,Medium,Implementation,implementation,https://vjudge.net/contest/538538#problem/C,https://vjudge.net/problem/Toph-my-small-number
124,538538,10,Team Practice Contest 2,Team Practice,2023-01-14,D,Fashion Show,Toph,fashion-show,1400,Medium,Implementation,implementation,https://vjudge.net/contest/538538#problem/D,https://vjudge.net/problem/Toph-fashion-show
125,538538,10,Team Practice Contest 2,Team Practice,2023-01-14,E,Simple As a Substring!,Toph,simple-as-a-substring,1500,Medium,Strings,"strings, hashing",https://vjudge.net/contest/538538#problem/E,https://vjudge.net/problem/Toph-simple-as-a-substring
126,538538,10,Team Practice Contest 2,Team Practice,2023-01-14,F,"I Scream, You Scream!",Toph,i-scream-you-scream,1600,Hard,Implementation,implementation,https://vjudge.net/contest/538538#problem/F,https://vjudge.net/problem/Toph-i-scream-you-scream
127,538538,10,Team Practice Contest 2,Team Practice,2023-01-14,G,Admission Gift,Toph,admission-gift,1700,Hard,Implementation,implementation,https://vjudge.net/contest/538538#problem/G,https://vjudge.net/problem/Toph-admission-gift
128,538538,10,Team Practice Contest 2,Team Practice,2023-01-14,H,Life Is Dark and Full of Error,Toph,life-is-dark-and-full-of-error,1800,Hard,Implementation,implementation,https://vjudge.net/contest/538538#problem/H,https://vjudge.net/problem/Toph-life-is-dark-and-full-of-error
129,538538,10,Team Practice Contest 2,Team Practice,2023-01-14,I,Unfair Robot Race,Toph,unfair-robot-race,1900,Hard,Implementation,implementation,https://vjudge.net/contest/538538#problem/I,https://vjudge.net/problem/Toph-unfair-robot-race
130,538538,10,Team Practice Contest 2,Team Practice,2023-01-14,J,Palindrome Query I,Toph,palindrome-query-i,2000,Expert,Strings,"strings, hashing",https://vjudge.net/contest/538538#problem/J,https://vjudge.net/problem/Toph-palindrome-query-i
131,538538,10,Team Practice Contest 2,Team Practice,2023-01-14,K,Fantastic Food,Toph,fantastic-food,2100,Expert,Implementation,implementation,https://vjudge.net/contest/538538#problem/K,https://vjudge.net/problem/Toph-fantastic-food
132,538538,10,Team Practice Contest 2,Team Practice,2023-01-14,L,Faisal and His Playgrounds,Toph,faisal-and-his-playgrounds,2100,Expert,Implementation,implementation,https://vjudge.net/contest/538538#problem/L,https://vjudge.net/problem/Toph-faisal-and-his-playgrounds
133,538667,11,NGPC Team Forming + Practice Contest 2,Team Forming,2023-01-15,A,A,AtCoder,abc216_a,800,Easy,Implementation,"implementation, basic math",https://vjudge.net/contest/538667#problem/A,https://vjudge.net/problem/AtCoder-abc216_a
134,538667,11,NGPC Team Forming + Practice Contest 2,Team Forming,2023-01-15,B,B,AtCoder,abc216_b,800,Easy,Implementation,"implementation, basic math",https://vjudge.net/contest/538667#problem/B,https://vjudge.net/problem/AtCoder-abc216_b
135,538667,11,NGPC Team Forming + Practice Contest 2,Team Forming,2023-01-15,C,C,AtCoder,abc216_c,800,Easy,Greedy,"greedy, math, binary search",https://vjudge.net/contest/538667#problem/C,https://vjudge.net/problem/AtCoder-abc216_c
136,538667,11,NGPC Team Forming + Practice Contest 2,Team Forming,2023-01-15,D,D,AtCoder,abc216_d,1499,Medium,Dynamic Programming,"dp, graphs, data structures",https://vjudge.net/contest/538667#problem/D,https://vjudge.net/problem/AtCoder-abc216_d
137,538667,11,NGPC Team Forming + Practice Contest 2,Team Forming,2023-01-15,E,E,AtCoder,abc216_e,1528,Medium,Data Structures,"data structures, dp, graphs",https://vjudge.net/contest/538667#problem/E,https://vjudge.net/problem/AtCoder-abc216_e
138,538667,11,NGPC Team Forming + Practice Contest 2,Team Forming,2023-01-15,F,F,AtCoder,abc215_a,800,Easy,Implementation,"implementation, basic math",https://vjudge.net/contest/538667#problem/F,https://vjudge.net/problem/AtCoder-abc215_a
139,538667,11,NGPC Team Forming + Practice Contest 2,Team Forming,2023-01-15,G,G,AtCoder,abc215_b,800,Easy,Implementation,"implementation, basic math",https://vjudge.net/contest/538667#problem/G,https://vjudge.net/problem/AtCoder-abc215_b
140,538667,11,NGPC Team Forming + Practice Contest 2,Team Forming,2023-01-15,H,H,AtCoder,abc215_c,857,Easy,Greedy,"greedy, math, binary search",https://vjudge.net/contest/538667#problem/H,https://vjudge.net/problem/AtCoder-abc215_c
141,538667,11,NGPC Team Forming + Practice Contest 2,Team Forming,2023-01-15,I,I,AtCoder,abc215_d,1310,Medium,Dynamic Programming,"dp, graphs, data structures",https://vjudge.net/contest/538667#problem/I,https://vjudge.net/problem/AtCoder-abc215_d
142,538667,11,NGPC Team Forming + Practice Contest 2,Team Forming,2023-01-15,J,J,AtCoder,abc215_e,1786,Hard,Data Structures,"data structures, dp, graphs",https://vjudge.net/contest/538667#problem/J,https://vjudge.net/problem/AtCoder-abc215_e
143,538667,11,NGPC Team Forming + Practice Contest 2,Team Forming,2023-01-15,K,K,AtCoder,abc218_a,800,Easy,Implementation,"implementation, basic math",https://vjudge.net/contest/538667#problem/K,https://vjudge.net/problem/AtCoder-abc218_a
144,538667,11,NGPC Team Forming + Practice Contest 2,Team Forming,2023-01-15,L,L,AtCoder,abc218_b,800,Easy,Implementation,"implementation, basic math",https://vjudge.net/contest/538667#problem/L,https://vjudge.net/problem/AtCoder-abc218_b
145,538667,11,NGPC Team Forming + Practice Contest 2,Team Forming,2023-01-15,M,M,AtCoder,abc218_c,1482,Medium,Greedy,"greedy, math, binary search",https://vjudge.net/contest/538667#problem/M,https://vjudge.net/problem/AtCoder-abc218_c
146,539004,12,NGPC Team Forming + Practice Contest 3,Team Forming,2023-01-17,A,A,AtCoder,abc150_c,1114,Easy,Greedy,"greedy, math, binary search",https://vjudge.net/contest/539004#problem/A,https://vjudge.net/problem/AtCoder-abc150_c
147,539004,12,NGPC Team Forming + Practice Contest 3,Team Forming,2023-01-17,B,B,AtCoder,abc150_d,1892,Hard,Dynamic Programming,"dp, graphs, data structures",https://vjudge.net/contest/539004#problem/B,https://vjudge.net/problem/AtCoder-abc150_d
148,539004,12,NGPC Team Forming + Practice Contest 3,Team Forming,2023-01-17,C,C,AtCoder,abc151_c,1045,Easy,Greedy,"greedy, math, binary search",https://vjudge.net/contest/539004#problem/C,https://vjudge.net/problem/AtCoder-abc151_c
149,539004,12,NGPC Team Forming + Practice Contest 3,Team Forming,2023-01-17,D,D,AtCoder,abc151_d,1449,Medium,Dynamic Programming,"dp, graphs, data structures",https://vjudge.net/contest/539004#problem/D,https://vjudge.net/problem/AtCoder-abc151_d
150,539004,12,NGPC Team Forming + Practice Contest 3,Team Forming,2023-01-17,E,E,AtCoder,abc152_c,844,Easy,Greedy,"greedy, math, binary search",https://vjudge.net/contest/539004#problem/E,https://vjudge.net/problem/AtCoder-abc152_c
151,539004,12,NGPC Team Forming + Practice Contest 3,Team Forming,2023-01-17,F,F,AtCoder,abc152_d,1503,Medium,Dynamic Programming,"dp, graphs, data structures",https://vjudge.net/contest/539004#problem/F,https://vjudge.net/problem/AtCoder-abc152_d
152,539004,12,NGPC Team Forming + Practice Contest 3,Team Forming,2023-01-17,G,G,AtCoder,abc153_c,800,Easy,Greedy,"greedy, math, binary search",https://vjudge.net/contest/539004#problem/G,https://vjudge.net/problem/AtCoder-abc153_c
153,539004,12,NGPC Team Forming + Practice Contest 3,Team Forming,2023-01-17,H,H,AtCoder,abc153_d,800,Easy,Dynamic Programming,"dp, graphs, data structures",https://vjudge.net/contest/539004#problem/H,https://vjudge.net/problem/AtCoder-abc153_d
154,539004,12,NGPC Team Forming + Practice Contest 3,Team Forming,2023-01-17,I,I,AtCoder,abc154_c,800,Easy,Greedy,"greedy, math, binary search",https://vjudge.net/contest/539004#problem/I,https://vjudge.net/problem/AtCoder-abc154_c
155,539004,12,NGPC Team Forming + Practice Contest 3,Team Forming,2023-01-17,J,J,AtCoder,abc154_d,1153,Easy,Dynamic Programming,"dp, graphs, data structures",https://vjudge.net/contest/539004#problem/J,https://vjudge.net/problem/AtCoder-abc154_d
156,539356,13,NGPC 2022 Team Forming Contest(onsite) 4,Team Forming,2023-01-19,A,Hardest Problem Ever,URAL,1000,1200,Medium,Implementation,implementation,https://vjudge.net/contest/539356#problem/A,https://vjudge.net/problem/URAL-1000
157,539356,13,NGPC 2022 Team Forming Contest(onsite) 4,Team Forming,2023-01-19,B,Hope,CodeForces,597A,1600,Hard,Math & Number Theory,math,https://vjudge.net/contest/539356#problem/B,https://vjudge.net/problem/CodeForces-597A
158,539356,13,NGPC 2022 Team Forming Contest(onsite) 4,Team Forming,2023-01-19,C,Dream,UVA,11388,1420,Medium,Implementation,implementation,https://vjudge.net/contest/539356#problem/C,https://vjudge.net/problem/UVA-11388
159,539356,13,NGPC 2022 Team Forming Contest(onsite) 4,Team Forming,2023-01-19,D,Life,SPOJ,AFS,1530,Medium,Implementation,implementation,https://vjudge.net/contest/539356#problem/D,https://vjudge.net/problem/SPOJ-AFS
160,539356,13,NGPC 2022 Team Forming Contest(onsite) 4,Team Forming,2023-01-19,E,Study,CSES,1158,1100,Easy,Dynamic Programming,"dp, knapsack",https://vjudge.net/contest/539356#problem/E,https://vjudge.net/problem/CSES-1158
161,539356,13,NGPC 2022 Team Forming Contest(onsite) 4,Team Forming,2023-01-19,F,Death,SPOJ,DCEPC206,1750,Hard,Implementation,implementation,https://vjudge.net/contest/539356#problem/F,https://vjudge.net/problem/SPOJ-DCEPC206
162,539356,13,NGPC 2022 Team Forming Contest(onsite) 4,Team Forming,2023-01-19,G,Water,CodeForces,1199B,1000,Easy,Math & Number Theory,"geometry, math",https://vjudge.net/contest/539356#problem/G,https://vjudge.net/problem/CodeForces-1199B
163,539356,13,NGPC 2022 Team Forming Contest(onsite) 4,Team Forming,2023-01-19,H,Destination,CodeForces,910A,800,Easy,Dynamic Programming,"dfs and similar, dp, greedy, implementation",https://vjudge.net/contest/539356#problem/H,https://vjudge.net/problem/CodeForces-910A
164,539356,13,NGPC 2022 Team Forming Contest(onsite) 4,Team Forming,2023-01-19,I,Game,CodeForces,38B,1200,Medium,Math & Number Theory,"brute force, implementation, math",https://vjudge.net/contest/539356#problem/I,https://vjudge.net/problem/CodeForces-38B
165,539356,13,NGPC 2022 Team Forming Contest(onsite) 4,Team Forming,2023-01-19,J,Like Comment,CodeForces,1173A,800,Easy,Greedy,greedy,https://vjudge.net/contest/539356#problem/J,https://vjudge.net/problem/CodeForces-1173A
166,539356,13,NGPC 2022 Team Forming Contest(onsite) 4,Team Forming,2023-01-19,K,Death Before Birth,SPOJ,AMR12D,2300,Expert,Implementation,implementation,https://vjudge.net/contest/539356#problem/K,https://vjudge.net/problem/SPOJ-AMR12D
167,539356,13,NGPC 2022 Team Forming Contest(onsite) 4,Team Forming,2023-01-19,L,Probability,SPOJ,IITKWPCN,2300,Expert,Implementation,implementation,https://vjudge.net/contest/539356#problem/L,https://vjudge.net/problem/SPOJ-IITKWPCN
168,539356,13,NGPC 2022 Team Forming Contest(onsite) 4,Team Forming,2023-01-19,M,Equality,CodeForces,1174A,1000,Easy,Games & Constructive,"constructive algorithms, greedy, sortings",https://vjudge.net/contest/539356#problem/M,https://vjudge.net/problem/CodeForces-1174A
169,539356,13,NGPC 2022 Team Forming Contest(onsite) 4,Team Forming,2023-01-19,N,History,CodeForces,855A,800,Easy,Strings,"brute force, implementation, strings",https://vjudge.net/contest/539356#problem/N,https://vjudge.net/problem/CodeForces-855A
170,539356,13,NGPC 2022 Team Forming Contest(onsite) 4,Team Forming,2023-01-19,O,Path,SPOJ,ABCPATH,2300,Expert,Implementation,implementation,https://vjudge.net/contest/539356#problem/O,https://vjudge.net/problem/SPOJ-ABCPATH
171,539356,13,NGPC 2022 Team Forming Contest(onsite) 4,Team Forming,2023-01-19,P,Shortest Path,CSES,1671,1300,Medium,Graphs,"graphs, dijkstra, shortest paths",https://vjudge.net/contest/539356#problem/P,https://vjudge.net/problem/CSES-1671
172,539424,14,NGPC 2022 Team Forming Contest(onsite) 5,Team Forming,2023-01-20,A,Magic Forest,CodeForces,922B,1300,Medium,Implementation,brute force,https://vjudge.net/contest/539424#problem/A,https://vjudge.net/problem/CodeForces-922B
173,539424,14,NGPC 2022 Team Forming Contest(onsite) 5,Team Forming,2023-01-20,B,Hungry Student Problem,CodeForces,903A,900,Easy,Greedy,"greedy, implementation",https://vjudge.net/contest/539424#problem/B,https://vjudge.net/problem/CodeForces-903A
174,539424,14,NGPC 2022 Team Forming Contest(onsite) 5,Team Forming,2023-01-20,C,Five-In-a-Row,CodeForces,825B,1600,Hard,Implementation,"brute force, implementation",https://vjudge.net/contest/539424#problem/C,https://vjudge.net/problem/CodeForces-825B
175,539424,14,NGPC 2022 Team Forming Contest(onsite) 5,Team Forming,2023-01-20,D,Black Square,CodeForces,828B,1300,Medium,Implementation,implementation,https://vjudge.net/contest/539424#problem/D,https://vjudge.net/problem/CodeForces-828B
176,539424,14,NGPC 2022 Team Forming Contest(onsite) 5,Team Forming,2023-01-20,E,String Reconstruction,CodeForces,828C,1700,Hard,Data Structures,"data structures, greedy, sortings, strings",https://vjudge.net/contest/539424#problem/E,https://vjudge.net/problem/CodeForces-828C
177,539424,14,NGPC 2022 Team Forming Contest(onsite) 5,Team Forming,2023-01-20,F,Anagrams,SPOJ,ANAGR,1750,Hard,Implementation,implementation,https://vjudge.net/contest/539424#problem/F,https://vjudge.net/problem/SPOJ-ANAGR
178,539424,14,NGPC 2022 Team Forming Contest(onsite) 5,Team Forming,2023-01-20,G,Chtholly's request,CodeForces,897B,1300,Medium,Implementation,brute force,https://vjudge.net/contest/539424#problem/G,https://vjudge.net/problem/CodeForces-897B
179,539424,14,NGPC 2022 Team Forming Contest(onsite) 5,Team Forming,2023-01-20,H,New Year's Eve,CodeForces,912B,1300,Medium,Math & Number Theory,"bitmasks, constructive algorithms, number theory",https://vjudge.net/contest/539424#problem/H,https://vjudge.net/problem/CodeForces-912B
180,539424,14,NGPC 2022 Team Forming Contest(onsite) 5,Team Forming,2023-01-20,I,Almost Prime,CodeForces,26A,900,Easy,Math & Number Theory,number theory,https://vjudge.net/contest/539424#problem/I,https://vjudge.net/problem/CodeForces-26A
181,539424,14,NGPC 2022 Team Forming Contest(onsite) 5,Team Forming,2023-01-20,J,Christmas Spruce,CodeForces,913B,1200,Medium,Trees,"implementation, trees",https://vjudge.net/contest/539424#problem/J,https://vjudge.net/problem/CodeForces-913B
182,539424,14,NGPC 2022 Team Forming Contest(onsite) 5,Team Forming,2023-01-20,K,Subordinates,CSES,1674,1100,Easy,Trees,"trees, dfs and similar, dp",https://vjudge.net/contest/539424#problem/K,https://vjudge.net/problem/CSES-1674
183,539424,14,NGPC 2022 Team Forming Contest(onsite) 5,Team Forming,2023-01-20,L,Building Roads,CSES,1666,1000,Easy,Graphs,"graphs, dsu, dfs and similar",https://vjudge.net/contest/539424#problem/L,https://vjudge.net/problem/CSES-1666
184,539424,14,NGPC 2022 Team Forming Contest(onsite) 5,Team Forming,2023-01-20,M,Grid Paths,CSES,1638,1100,Easy,Dynamic Programming,"dp, grid",https://vjudge.net/contest/539424#problem/M,https://vjudge.net/problem/CSES-1638
185,539424,14,NGPC 2022 Team Forming Contest(onsite) 5,Team Forming,2023-01-20,N,Friendship,SPOJ,FRNDAM,2300,Expert,Implementation,implementation,https://vjudge.net/contest/539424#problem/N,https://vjudge.net/problem/SPOJ-FRNDAM
186,539518,15,Team Practice Contest 3,Team Practice,2023-01-21,A,Ace Arbiter,Gym,104030A,1100,Easy,Data Structures,data structures,https://vjudge.net/contest/539518#problem/A,https://vjudge.net/problem/Gym-104030A
187,539518,15,Team Practice Contest 3,Team Practice,2023-01-21,B,Berry Battle,Gym,104030B,1200,Medium,Implementation,implementation,https://vjudge.net/contest/539518#problem/B,https://vjudge.net/problem/Gym-104030B
188,539518,15,Team Practice Contest 3,Team Practice,2023-01-21,C,Coffee Cup Combo,Gym,104030C,1300,Medium,Implementation,implementation,https://vjudge.net/contest/539518#problem/C,https://vjudge.net/problem/Gym-104030C
189,539518,15,Team Practice Contest 3,Team Practice,2023-01-21,D,Disc District,Gym,104030D,1400,Medium,Implementation,implementation,https://vjudge.net/contest/539518#problem/D,https://vjudge.net/problem/Gym-104030D
190,539518,15,Team Practice Contest 3,Team Practice,2023-01-21,E,Enigmatic Enumeration,Gym,104030E,1500,Medium,Implementation,implementation,https://vjudge.net/contest/539518#problem/E,https://vjudge.net/problem/Gym-104030E
191,539518,15,Team Practice Contest 3,Team Practice,2023-01-21,F,Foreign Football,Gym,104030F,1600,Hard,Implementation,implementation,https://vjudge.net/contest/539518#problem/F,https://vjudge.net/problem/Gym-104030F
192,539518,15,Team Practice Contest 3,Team Practice,2023-01-21,G,Graduation Guarantee,Gym,104030G,1700,Hard,Implementation,implementation,https://vjudge.net/contest/539518#problem/G,https://vjudge.net/problem/Gym-104030G
193,539518,15,Team Practice Contest 3,Team Practice,2023-01-21,H,Highest Hill,Gym,104030H,1800,Hard,Implementation,implementation,https://vjudge.net/contest/539518#problem/H,https://vjudge.net/problem/Gym-104030H
194,539518,15,Team Practice Contest 3,Team Practice,2023-01-21,I,Icy Itinerary,Gym,104030I,1900,Hard,Implementation,implementation,https://vjudge.net/contest/539518#problem/I,https://vjudge.net/problem/Gym-104030I
195,539518,15,Team Practice Contest 3,Team Practice,2023-01-21,J,Junk Journey,Gym,104030J,2000,Expert,Implementation,implementation,https://vjudge.net/contest/539518#problem/J,https://vjudge.net/problem/Gym-104030J
196,539518,15,Team Practice Contest 3,Team Practice,2023-01-21,K,Keyboard Queries,Gym,104030K,2100,Expert,Data Structures,data structures,https://vjudge.net/contest/539518#problem/K,https://vjudge.net/problem/Gym-104030K
197,539746,16,Team Practice Contest 4,Team Practice,2023-01-23,A,Round 1,Gym,104147A,1100,Easy,Implementation,implementation,https://vjudge.net/contest/539746#problem/A,https://vjudge.net/problem/Gym-104147A
198,539746,16,Team Practice Contest 4,Team Practice,2023-01-23,B,I'll call him Hanya,Gym,104147B,1200,Medium,Implementation,implementation,https://vjudge.net/contest/539746#problem/B,https://vjudge.net/problem/Gym-104147B
199,539746,16,Team Practice Contest 4,Team Practice,2023-01-23,C,Disney Land,Gym,104147C,1300,Medium,Implementation,implementation,https://vjudge.net/contest/539746#problem/C,https://vjudge.net/problem/Gym-104147C
200,539746,16,Team Practice Contest 4,Team Practice,2023-01-23,D,Do and Tak Game,Gym,104147D,1400,Medium,Games & Constructive,"games, constructive algorithms",https://vjudge.net/contest/539746#problem/D,https://vjudge.net/problem/Gym-104147D
201,539746,16,Team Practice Contest 4,Team Practice,2023-01-23,E,I am not done yet,Gym,104147E,1500,Medium,Implementation,implementation,https://vjudge.net/contest/539746#problem/E,https://vjudge.net/problem/Gym-104147E
202,539746,16,Team Practice Contest 4,Team Practice,2023-01-23,F,Nesr El Sieve,Gym,104147F,1600,Hard,Math & Number Theory,"number theory, math",https://vjudge.net/contest/539746#problem/F,https://vjudge.net/problem/Gym-104147F
203,539746,16,Team Practice Contest 4,Team Practice,2023-01-23,G,You're Milky,Gym,104147G,1700,Hard,Implementation,implementation,https://vjudge.net/contest/539746#problem/G,https://vjudge.net/problem/Gym-104147G
204,539746,16,Team Practice Contest 4,Team Practice,2023-01-23,H,Alexandria Library,Gym,104147H,1800,Hard,Implementation,implementation,https://vjudge.net/contest/539746#problem/H,https://vjudge.net/problem/Gym-104147H
205,539746,16,Team Practice Contest 4,Team Practice,2023-01-23,I,Wigz,Gym,104147I,1900,Hard,Implementation,implementation,https://vjudge.net/contest/539746#problem/I,https://vjudge.net/problem/Gym-104147I
206,539746,16,Team Practice Contest 4,Team Practice,2023-01-23,J,Two Faced Hobz,Gym,104147J,2000,Expert,Implementation,implementation,https://vjudge.net/contest/539746#problem/J,https://vjudge.net/problem/Gym-104147J
207,539746,16,Team Practice Contest 4,Team Practice,2023-01-23,K,Hobz is a good guy,Gym,104147K,2100,Expert,Implementation,implementation,https://vjudge.net/contest/539746#problem/K,https://vjudge.net/problem/Gym-104147K
208,539747,17,NGPC 2022 Team Forming Contest (onsite) 6,Team Forming,2023-01-23,A,CODER FIRST PROBLEM,SPOJ,CDRSANJ,1200,Medium,Implementation,implementation,https://vjudge.net/contest/539747#problem/A,https://vjudge.net/problem/SPOJ-CDRSANJ
209,539747,17,NGPC 2022 Team Forming Contest (onsite) 6,Team Forming,2023-01-23,B,BCD,Gym,103785A,1310,Medium,Implementation,implementation,https://vjudge.net/contest/539747#problem/B,https://vjudge.net/problem/Gym-103785A
210,539747,17,NGPC 2022 Team Forming Contest (onsite) 6,Team Forming,2023-01-23,C,Poku's Vacation,Gym,103785B,1420,Medium,Implementation,implementation,https://vjudge.net/contest/539747#problem/C,https://vjudge.net/problem/Gym-103785B
211,539747,17,NGPC 2022 Team Forming Contest (onsite) 6,Team Forming,2023-01-23,D,Dualites in Pain - The Beginning,Gym,103785C,1530,Medium,Implementation,implementation,https://vjudge.net/contest/539747#problem/D,https://vjudge.net/problem/Gym-103785C
212,539747,17,NGPC 2022 Team Forming Contest (onsite) 6,Team Forming,2023-01-23,E,Elder Ning,Gym,103785D,1640,Hard,Implementation,implementation,https://vjudge.net/contest/539747#problem/E,https://vjudge.net/problem/Gym-103785D
213,539747,17,NGPC 2022 Team Forming Contest (onsite) 6,Team Forming,2023-01-23,F,Hostel Cleaning,Gym,103785E,1750,Hard,Implementation,implementation,https://vjudge.net/contest/539747#problem/F,https://vjudge.net/problem/Gym-103785E
214,539747,17,NGPC 2022 Team Forming Contest (onsite) 6,Team Forming,2023-01-23,G,No Internet IPC!,Gym,103785F,1860,Hard,Implementation,implementation,https://vjudge.net/contest/539747#problem/G,https://vjudge.net/problem/Gym-103785F
215,539747,17,NGPC 2022 Team Forming Contest (onsite) 6,Team Forming,2023-01-23,H,Dualites in Pain - The Conclusion,Gym,103785G,1970,Hard,Implementation,implementation,https://vjudge.net/contest/539747#problem/H,https://vjudge.net/problem/Gym-103785G
216,539747,17,NGPC 2022 Team Forming Contest (onsite) 6,Team Forming,2023-01-23,I,Perfect Array,Gym,103785H,2080,Expert,Implementation,implementation,https://vjudge.net/contest/539747#problem/I,https://vjudge.net/problem/Gym-103785H
217,539747,17,NGPC 2022 Team Forming Contest (onsite) 6,Team Forming,2023-01-23,J,Special String,SPOJ,MAIN113,2190,Expert,Strings,"strings, hashing",https://vjudge.net/contest/539747#problem/J,https://vjudge.net/problem/SPOJ-MAIN113
218,539747,17,NGPC 2022 Team Forming Contest (onsite) 6,Team Forming,2023-01-23,K,Primal Fear,SPOJ,VECTAR8,2300,Expert,Implementation,implementation,https://vjudge.net/contest/539747#problem/K,https://vjudge.net/problem/SPOJ-VECTAR8
219,539747,17,NGPC 2022 Team Forming Contest (onsite) 6,Team Forming,2023-01-23,L,Lucky Division,CodeForces,122A,1000,Easy,Math & Number Theory,"brute force, number theory",https://vjudge.net/contest/539747#problem/L,https://vjudge.net/problem/CodeForces-122A
220,539747,17,NGPC 2022 Team Forming Contest (onsite) 6,Team Forming,2023-01-23,M,Present from Lena,CodeForces,118B,1000,Easy,Games & Constructive,"constructive algorithms, implementation",https://vjudge.net/contest/539747#problem/M,https://vjudge.net/problem/CodeForces-118B
221,539747,17,NGPC 2022 Team Forming Contest (onsite) 6,Team Forming,2023-01-23,N,Efim and Strange Grade,CodeForces,719C,1700,Hard,Dynamic Programming,"dp, implementation, math",https://vjudge.net/contest/539747#problem/N,https://vjudge.net/problem/CodeForces-719C
222,540650,18,NGPC Team Practice Contest,Team Practice,2023-01-30,A,Old Wives' Game,Toph,old-wives-game,1100,Easy,Games & Constructive,"games, constructive algorithms",https://vjudge.net/contest/540650#problem/A,https://vjudge.net/problem/Toph-old-wives-game
223,540650,18,NGPC Team Practice Contest,Team Practice,2023-01-30,B,Once Upon a Time in Dhaka,Toph,once-upon-a-time-in-dhaka,1200,Medium,Implementation,implementation,https://vjudge.net/contest/540650#problem/B,https://vjudge.net/problem/Toph-once-upon-a-time-in-dhaka
224,540650,18,NGPC Team Practice Contest,Team Practice,2023-01-30,C,Odd Query,Toph,odd-query,1300,Medium,Implementation,implementation,https://vjudge.net/contest/540650#problem/C,https://vjudge.net/problem/Toph-odd-query
225,540650,18,NGPC Team Practice Contest,Team Practice,2023-01-30,D,Give Me My Vector,Toph,give-me-my-vector,1400,Medium,Implementation,implementation,https://vjudge.net/contest/540650#problem/D,https://vjudge.net/problem/Toph-give-me-my-vector
226,540650,18,NGPC Team Practice Contest,Team Practice,2023-01-30,E,XOR-Gun,Toph,xor-gun,1500,Medium,Implementation,implementation,https://vjudge.net/contest/540650#problem/E,https://vjudge.net/problem/Toph-xor-gun
227,540650,18,NGPC Team Practice Contest,Team Practice,2023-01-30,F,Matrix Resurrection,Toph,matrix-resurrection,1600,Hard,Implementation,implementation,https://vjudge.net/contest/540650#problem/F,https://vjudge.net/problem/Toph-matrix-resurrection
228,540650,18,NGPC Team Practice Contest,Team Practice,2023-01-30,G,Lucky Number Seven,Toph,lucky-number-seven,1700,Hard,Implementation,implementation,https://vjudge.net/contest/540650#problem/G,https://vjudge.net/problem/Toph-lucky-number-seven
229,540650,18,NGPC Team Practice Contest,Team Practice,2023-01-30,H,Help Dr. Wu,Toph,help-dr-wu,1800,Hard,Implementation,implementation,https://vjudge.net/contest/540650#problem/H,https://vjudge.net/problem/Toph-help-dr-wu
230,540650,18,NGPC Team Practice Contest,Team Practice,2023-01-30,I,Trina Loves Mangoes,Toph,trina-loves-mangoes,1900,Hard,Implementation,implementation,https://vjudge.net/contest/540650#problem/I,https://vjudge.net/problem/Toph-trina-loves-mangoes
231,540650,18,NGPC Team Practice Contest,Team Practice,2023-01-30,J,Permutation Query,Toph,permutation-query,2000,Expert,Implementation,implementation,https://vjudge.net/contest/540650#problem/J,https://vjudge.net/problem/Toph-permutation-query
232,540650,18,NGPC Team Practice Contest,Team Practice,2023-01-30,K,Perhaps Strings Are Inevitable,Toph,perhaps-strings-are-inevitable,2100,Expert,Strings,"strings, hashing",https://vjudge.net/contest/540650#problem/K,https://vjudge.net/problem/Toph-perhaps-strings-are-inevitable
233,540650,18,NGPC Team Practice Contest,Team Practice,2023-01-30,L,Puzzle of 1's and 0's,Toph,puzzle-of-1-s-and-0-s,2100,Expert,Implementation,implementation,https://vjudge.net/contest/540650#problem/L,https://vjudge.net/problem/Toph-puzzle-of-1-s-and-0-s
234,541492,19,Team Practice Contest 5,Team Practice,2023-02-04,A,Blanket,Toph,kombol,1100,Easy,Implementation,implementation,https://vjudge.net/contest/541492#problem/A,https://vjudge.net/problem/Toph-kombol
235,541492,19,Team Practice Contest 5,Team Practice,2023-02-04,B,Maximize Sum,Toph,maximize-sum,1200,Medium,Implementation,implementation,https://vjudge.net/contest/541492#problem/B,https://vjudge.net/problem/Toph-maximize-sum
236,541492,19,Team Practice Contest 5,Team Practice,2023-02-04,C,Greedy Grid Game,Toph,greedy-grid-game,1300,Medium,Games & Constructive,"games, constructive algorithms",https://vjudge.net/contest/541492#problem/C,https://vjudge.net/problem/Toph-greedy-grid-game
237,541492,19,Team Practice Contest 5,Team Practice,2023-02-04,D,Python Interpreter,Toph,python-interpreter,1400,Medium,Implementation,implementation,https://vjudge.net/contest/541492#problem/D,https://vjudge.net/problem/Toph-python-interpreter
238,541492,19,Team Practice Contest 5,Team Practice,2023-02-04,E,"GCD, Divisor, Count!",Toph,gcd-divisor-count,1500,Medium,Math & Number Theory,"number theory, math",https://vjudge.net/contest/541492#problem/E,https://vjudge.net/problem/Toph-gcd-divisor-count
239,541492,19,Team Practice Contest 5,Team Practice,2023-02-04,F,Cardboard Mountains,Toph,cardboard-mountains,1600,Hard,Implementation,implementation,https://vjudge.net/contest/541492#problem/F,https://vjudge.net/problem/Toph-cardboard-mountains
240,541492,19,Team Practice Contest 5,Team Practice,2023-02-04,G,On My Way,Toph,on-my-way,1700,Hard,Implementation,implementation,https://vjudge.net/contest/541492#problem/G,https://vjudge.net/problem/Toph-on-my-way
241,541707,20,NGPC Team Practice Contest 2,Team Practice,2023-02-06,A,K-Th Root,Toph,k-th-root,1100,Easy,Implementation,implementation,https://vjudge.net/contest/541707#problem/A,https://vjudge.net/problem/Toph-k-th-root
242,541707,20,NGPC Team Practice Contest 2,Team Practice,2023-02-06,B,Watercolor,Toph,watercolor,1200,Medium,Implementation,implementation,https://vjudge.net/contest/541707#problem/B,https://vjudge.net/problem/Toph-watercolor
243,541707,20,NGPC Team Practice Contest 2,Team Practice,2023-02-06,C,MSIS!,Toph,msis,1300,Medium,Implementation,implementation,https://vjudge.net/contest/541707#problem/C,https://vjudge.net/problem/Toph-msis
244,541707,20,NGPC Team Practice Contest 2,Team Practice,2023-02-06,D,Video Game,Toph,video-game,1400,Medium,Games & Constructive,"games, constructive algorithms",https://vjudge.net/contest/541707#problem/D,https://vjudge.net/problem/Toph-video-game
245,541707,20,NGPC Team Practice Contest 2,Team Practice,2023-02-06,E,Game of Boxes,Toph,game-of-boxes,1500,Medium,Games & Constructive,"games, constructive algorithms",https://vjudge.net/contest/541707#problem/E,https://vjudge.net/problem/Toph-game-of-boxes
246,541707,20,NGPC Team Practice Contest 2,Team Practice,2023-02-06,F,Ada in Dreamland,Toph,ada-in-dreamland,1600,Hard,Implementation,implementation,https://vjudge.net/contest/541707#problem/F,https://vjudge.net/problem/Toph-ada-in-dreamland
247,541708,21,Team Practice Contest 6,Team Practice,2023-02-06,A,TreeScript,Gym,104172A,1100,Easy,Trees,"trees, dfs and similar",https://vjudge.net/contest/541708#problem/A,https://vjudge.net/problem/Gym-104172A
248,541708,21,Team Practice Contest 6,Team Practice,2023-02-06,B,Big Picture,Gym,104172B,1200,Medium,Implementation,implementation,https://vjudge.net/contest/541708#problem/B,https://vjudge.net/problem/Gym-104172B
249,541708,21,Team Practice Contest 6,Team Practice,2023-02-06,C,Painting Grid,Gym,104172C,1300,Medium,Implementation,implementation,https://vjudge.net/contest/541708#problem/C,https://vjudge.net/problem/Gym-104172C
250,541708,21,Team Practice Contest 6,Team Practice,2023-02-06,D,Shortest Path Query,Gym,104172D,1400,Medium,Graphs,"graphs, dfs and similar",https://vjudge.net/contest/541708#problem/D,https://vjudge.net/problem/Gym-104172D
251,541708,21,Team Practice Contest 6,Team Practice,2023-02-06,E,"Goose, Goose, DUCK?",Gym,104172E,1500,Medium,Implementation,implementation,https://vjudge.net/contest/541708#problem/E,https://vjudge.net/problem/Gym-104172E
252,541708,21,Team Practice Contest 6,Team Practice,2023-02-06,F,Sum of Numbers,Gym,104172F,1600,Hard,Implementation,implementation,https://vjudge.net/contest/541708#problem/F,https://vjudge.net/problem/Gym-104172F
253,541708,21,Team Practice Contest 6,Team Practice,2023-02-06,G,Paddle Star,Gym,104172G,1700,Hard,Implementation,implementation,https://vjudge.net/contest/541708#problem/G,https://vjudge.net/problem/Gym-104172G
254,541708,21,Team Practice Contest 6,Team Practice,2023-02-06,H,Another Goose Goose Duck Problem,Gym,104172H,1800,Hard,Implementation,implementation,https://vjudge.net/contest/541708#problem/H,https://vjudge.net/problem/Gym-104172H
255,541708,21,Team Practice Contest 6,Team Practice,2023-02-06,I,Range Closest Pair of Points Query,Gym,104172I,1900,Hard,Geometry,"geometry, math",https://vjudge.net/contest/541708#problem/I,https://vjudge.net/problem/Gym-104172I
256,541708,21,Team Practice Contest 6,Team Practice,2023-02-06,J,Dice Game,Gym,104172J,2000,Expert,Games & Constructive,"games, constructive algorithms",https://vjudge.net/contest/541708#problem/J,https://vjudge.net/problem/Gym-104172J
257,541708,21,Team Practice Contest 6,Team Practice,2023-02-06,K,Maximum GCD,Gym,104172K,2100,Expert,Math & Number Theory,"number theory, math",https://vjudge.net/contest/541708#problem/K,https://vjudge.net/problem/Gym-104172K
258,541708,21,Team Practice Contest 6,Team Practice,2023-02-06,L,Permutation Compression,Gym,104172L,2100,Expert,Implementation,implementation,https://vjudge.net/contest/541708#problem/L,https://vjudge.net/problem/Gym-104172L
259,544863,22,Team Practice Contest 7,Team Practice,2023-02-25,A,Covid-19,QOJ,1966,1100,Easy,Implementation,implementation,https://vjudge.net/contest/544863#problem/A,https://vjudge.net/problem/QOJ-1966
260,544863,22,Team Practice Contest 7,Team Practice,2023-02-25,B,Statistics,QOJ,1967,1200,Medium,Implementation,implementation,https://vjudge.net/contest/544863#problem/B,https://vjudge.net/problem/QOJ-1967
261,544863,22,Team Practice Contest 7,Team Practice,2023-02-25,C,Science Fiction,QOJ,1968,1300,Medium,Implementation,implementation,https://vjudge.net/contest/544863#problem/C,https://vjudge.net/problem/QOJ-1968
262,544863,22,Team Practice Contest 7,Team Practice,2023-02-25,D,Necklace Construction,QOJ,1969,1400,Medium,Implementation,implementation,https://vjudge.net/contest/544863#problem/D,https://vjudge.net/problem/QOJ-1969
263,544863,22,Team Practice Contest 7,Team Practice,2023-02-25,E,Social Distancing,QOJ,1970,1500,Medium,Implementation,implementation,https://vjudge.net/contest/544863#problem/E,https://vjudge.net/problem/QOJ-1970
264,544863,22,Team Practice Contest 7,Team Practice,2023-02-25,F,Hezardastan,QOJ,1971,1600,Hard,Implementation,implementation,https://vjudge.net/contest/544863#problem/F,https://vjudge.net/problem/QOJ-1971
265,544863,22,Team Practice Contest 7,Team Practice,2023-02-25,G,JJ Rally,QOJ,1972,1700,Hard,Implementation,implementation,https://vjudge.net/contest/544863#problem/G,https://vjudge.net/problem/QOJ-1972
266,544863,22,Team Practice Contest 7,Team Practice,2023-02-25,H,Birds Rituals,QOJ,1973,1800,Hard,Implementation,implementation,https://vjudge.net/contest/544863#problem/H,https://vjudge.net/problem/QOJ-1973
267,544863,22,Team Practice Contest 7,Team Practice,2023-02-25,I,Black Family Tree,QOJ,1974,1900,Hard,Trees,"trees, dfs and similar",https://vjudge.net/contest/544863#problem/I,https://vjudge.net/problem/QOJ-1974
268,544863,22,Team Practice Contest 7,Team Practice,2023-02-25,J,Vaccination Against Corona,QOJ,1975,2000,Expert,Implementation,implementation,https://vjudge.net/contest/544863#problem/J,https://vjudge.net/problem/QOJ-1975
269,544863,22,Team Practice Contest 7,Team Practice,2023-02-25,K,McFly,QOJ,1976,2100,Expert,Implementation,implementation,https://vjudge.net/contest/544863#problem/K,https://vjudge.net/problem/QOJ-1976
270,544863,22,Team Practice Contest 7,Team Practice,2023-02-25,L,The Last Supper,QOJ,1977,2100,Expert,Implementation,implementation,https://vjudge.net/contest/544863#problem/L,https://vjudge.net/problem/QOJ-1977
271,544863,22,Team Practice Contest 7,Team Practice,2023-02-25,M,Stabbing Number,QOJ,1978,2100,Expert,Implementation,implementation,https://vjudge.net/contest/544863#problem/M,https://vjudge.net/problem/QOJ-1978
272,549890,23,Weekly Practice Contest - Intermediate,Weekly Contest,2023-03-27,A,A,CodeForces,1325A,800,Easy,Math & Number Theory,"constructive algorithms, greedy, number theory",https://vjudge.net/contest/549890#problem/A,https://vjudge.net/problem/CodeForces-1325A
273,549890,23,Weekly Practice Contest - Intermediate,Weekly Contest,2023-03-27,B,B,LightOJ,1179,1090,Easy,Implementation,implementation,https://vjudge.net/contest/549890#problem/B,https://vjudge.net/problem/LightOJ-1179
274,549890,23,Weekly Practice Contest - Intermediate,Weekly Contest,2023-03-27,C,C,LightOJ,1307,1180,Easy,Implementation,implementation,https://vjudge.net/contest/549890#problem/C,https://vjudge.net/problem/LightOJ-1307
275,549890,23,Weekly Practice Contest - Intermediate,Weekly Contest,2023-03-27,D,D,CodeChef,CTEAMS,1270,Medium,Implementation,implementation,https://vjudge.net/contest/549890#problem/D,https://vjudge.net/problem/CodeChef-CTEAMS
276,549890,23,Weekly Practice Contest - Intermediate,Weekly Contest,2023-03-27,E,E,LightOJ,1112,1360,Medium,Implementation,implementation,https://vjudge.net/contest/549890#problem/E,https://vjudge.net/problem/LightOJ-1112
277,549890,23,Weekly Practice Contest - Intermediate,Weekly Contest,2023-03-27,F,F,CodeForces,1398D,1800,Hard,Dynamic Programming,"dp, greedy, sortings",https://vjudge.net/contest/549890#problem/F,https://vjudge.net/problem/CodeForces-1398D
278,549890,23,Weekly Practice Contest - Intermediate,Weekly Contest,2023-03-27,G,G,LightOJ,1508,1540,Medium,Implementation,implementation,https://vjudge.net/contest/549890#problem/G,https://vjudge.net/problem/LightOJ-1508
279,549890,23,Weekly Practice Contest - Intermediate,Weekly Contest,2023-03-27,H,H,CodeChef,COPRIME3,1630,Hard,Implementation,implementation,https://vjudge.net/contest/549890#problem/H,https://vjudge.net/problem/CodeChef-COPRIME3
280,551287,24,Weekly Practice Contest 1 - Beginner,Beginner Contest,2023-04-02,A,A,Gym,102397B,900,Easy,Implementation,implementation,https://vjudge.net/contest/551287#problem/A,https://vjudge.net/problem/Gym-102397B
281,551287,24,Weekly Practice Contest 1 - Beginner,Beginner Contest,2023-04-02,B,B,CodeChef,WATESTCASES,980,Easy,Implementation,implementation,https://vjudge.net/contest/551287#problem/B,https://vjudge.net/problem/CodeChef-WATESTCASES
282,551287,24,Weekly Practice Contest 1 - Beginner,Beginner Contest,2023-04-02,C,C,Gym,104246D,1060,Easy,Implementation,implementation,https://vjudge.net/contest/551287#problem/C,https://vjudge.net/problem/Gym-104246D
283,551287,24,Weekly Practice Contest 1 - Beginner,Beginner Contest,2023-04-02,D,D,CodeForces,1266B,1000,Easy,Math & Number Theory,"constructive algorithms, math",https://vjudge.net/contest/551287#problem/D,https://vjudge.net/problem/CodeForces-1266B
284,551287,24,Weekly Practice Contest 1 - Beginner,Beginner Contest,2023-04-02,E,E,Gym,103800A,1220,Medium,Implementation,implementation,https://vjudge.net/contest/551287#problem/E,https://vjudge.net/problem/Gym-103800A
285,551287,24,Weekly Practice Contest 1 - Beginner,Beginner Contest,2023-04-02,F,F,LightOJ,1088,1300,Medium,Implementation,implementation,https://vjudge.net/contest/551287#problem/F,https://vjudge.net/problem/LightOJ-1088
286,551287,24,Weekly Practice Contest 1 - Beginner,Beginner Contest,2023-04-02,G,G,CodeForces,1491B,1200,Medium,Math & Number Theory,"brute force, math",https://vjudge.net/contest/551287#problem/G,https://vjudge.net/problem/CodeForces-1491B
287,551287,24,Weekly Practice Contest 1 - Beginner,Beginner Contest,2023-04-02,H,H,LightOJ,1138,1400,Medium,Implementation,implementation,https://vjudge.net/contest/551287#problem/H,https://vjudge.net/problem/LightOJ-1138
288,551482,25,Weekly Practice Contest 2 - Intermediate,Weekly Contest,2023-04-03,A,Tower of Hanoi,CSES,2165,1000,Easy,Implementation,"recursion, constructive algorithms",https://vjudge.net/contest/551482#problem/A,https://vjudge.net/problem/CSES-2165
289,551482,25,Weekly Practice Contest 2 - Intermediate,Weekly Contest,2023-04-03,B,Apple Division,CSES,1623,900,Easy,Dynamic Programming,"bitmasks, brute force, recursion",https://vjudge.net/contest/551482#problem/B,https://vjudge.net/problem/CSES-1623
290,551482,25,Weekly Practice Contest 2 - Intermediate,Weekly Contest,2023-04-03,C,String Matching,CSES,1753,1300,Medium,Strings,"strings, kmp, string hashing",https://vjudge.net/contest/551482#problem/C,https://vjudge.net/problem/CSES-1753
291,551482,25,Weekly Practice Contest 2 - Intermediate,Weekly Contest,2023-04-03,D,Distributing Apples,CSES,1716,1300,Medium,Math & Number Theory,"math, combinatorics",https://vjudge.net/contest/551482#problem/D,https://vjudge.net/problem/CSES-1716
292,551482,25,Weekly Practice Contest 2 - Intermediate,Weekly Contest,2023-04-03,E,Grid Walk,Gym,104246G,1360,Medium,Implementation,implementation,https://vjudge.net/contest/551482#problem/E,https://vjudge.net/problem/Gym-104246G
293,551482,25,Weekly Practice Contest 2 - Intermediate,Weekly Contest,2023-04-03,F,Count K-Primes,CodeChef,KPRIME,1450,Medium,Math & Number Theory,"number theory, math",https://vjudge.net/contest/551482#problem/F,https://vjudge.net/problem/CodeChef-KPRIME
294,551482,25,Weekly Practice Contest 2 - Intermediate,Weekly Contest,2023-04-03,G,A Story with Strings,CodeChef,SSTORY,1540,Medium,Strings,"strings, hashing",https://vjudge.net/contest/551482#problem/G,https://vjudge.net/problem/CodeChef-SSTORY
295,551482,25,Weekly Practice Contest 2 - Intermediate,Weekly Contest,2023-04-03,H,Interesting XOR!,CodeChef,IRSTXOR,1630,Hard,Implementation,implementation,https://vjudge.net/contest/551482#problem/H,https://vjudge.net/problem/CodeChef-IRSTXOR
296,552516,26,Weekly Practice Contest 2 - Beginner,Beginner Contest,2023-04-09,A,A,LightOJ,1509,900,Easy,Implementation,implementation,https://vjudge.net/contest/552516#problem/A,https://vjudge.net/problem/LightOJ-1509
297,552516,26,Weekly Practice Contest 2 - Beginner,Beginner Contest,2023-04-09,B,B,CodeForces,1359B,1000,Easy,Dynamic Programming,"brute force, dp, greedy, implementation, two pointers",https://vjudge.net/contest/552516#problem/B,https://vjudge.net/problem/CodeForces-1359B
298,552516,26,Weekly Practice Contest 2 - Beginner,Beginner Contest,2023-04-09,C,C,CSES,1754,900,Easy,Math & Number Theory,"math, greedy",https://vjudge.net/contest/552516#problem/C,https://vjudge.net/problem/CSES-1754
299,552516,26,Weekly Practice Contest 2 - Beginner,Beginner Contest,2023-04-09,D,D,CodeForces,1688A,800,Easy,Dynamic Programming,"bitmasks, brute force",https://vjudge.net/contest/552516#problem/D,https://vjudge.net/problem/CodeForces-1688A
300,552516,26,Weekly Practice Contest 2 - Beginner,Beginner Contest,2023-04-09,E,E,CodeForces,1133C,1200,Medium,Binary Search & Two Pointers,"sortings, two pointers",https://vjudge.net/contest/552516#problem/E,https://vjudge.net/problem/CodeForces-1133C
301,552516,26,Weekly Practice Contest 2 - Beginner,Beginner Contest,2023-04-09,F,F,Gym,104289B,1300,Medium,Implementation,implementation,https://vjudge.net/contest/552516#problem/F,https://vjudge.net/problem/Gym-104289B
302,552516,26,Weekly Practice Contest 2 - Beginner,Beginner Contest,2023-04-09,G,G,CodeForces,1793C,1200,Medium,Data Structures,"constructive algorithms, data structures, two pointers",https://vjudge.net/contest/552516#problem/G,https://vjudge.net/problem/CodeForces-1793C
303,552516,26,Weekly Practice Contest 2 - Beginner,Beginner Contest,2023-04-09,H,H,CodeForces,1184A1,1200,Medium,Math & Number Theory,"brute force, math, number theory",https://vjudge.net/contest/552516#problem/H,https://vjudge.net/problem/CodeForces-1184A1
304,552516,26,Weekly Practice Contest 2 - Beginner,Beginner Contest,2023-04-09,I,I,LightOJ,1136,1400,Medium,Implementation,implementation,https://vjudge.net/contest/552516#problem/I,https://vjudge.net/problem/LightOJ-1136
305,552515,27,Weekly Practice Contest 3 - Intermediate,Weekly Contest,2023-04-10,A,A,CodeForces,789B,1700,Hard,Math & Number Theory,"brute force, implementation, math",https://vjudge.net/contest/552515#problem/A,https://vjudge.net/problem/CodeForces-789B
306,552515,27,Weekly Practice Contest 3 - Intermediate,Weekly Contest,2023-04-10,B,B,LightOJ,1136,1090,Easy,Implementation,implementation,https://vjudge.net/contest/552515#problem/B,https://vjudge.net/problem/LightOJ-1136
307,552515,27,Weekly Practice Contest 3 - Intermediate,Weekly Contest,2023-04-10,C,C,CodeForces,712C,1600,Hard,Math & Number Theory,"greedy, math",https://vjudge.net/contest/552515#problem/C,https://vjudge.net/problem/CodeForces-712C
308,552515,27,Weekly Practice Contest 3 - Intermediate,Weekly Contest,2023-04-10,D,D,CodeChef,FROGV,1270,Medium,Implementation,implementation,https://vjudge.net/contest/552515#problem/D,https://vjudge.net/problem/CodeChef-FROGV
309,552515,27,Weekly Practice Contest 3 - Intermediate,Weekly Contest,2023-04-10,E,E,LightOJ,1039,1360,Medium,Implementation,implementation,https://vjudge.net/contest/552515#problem/E,https://vjudge.net/problem/LightOJ-1039
310,552515,27,Weekly Practice Contest 3 - Intermediate,Weekly Contest,2023-04-10,F,F,CodeForces,691E,1900,Hard,Math & Number Theory,matrices,https://vjudge.net/contest/552515#problem/F,https://vjudge.net/problem/CodeForces-691E
311,552515,27,Weekly Practice Contest 3 - Intermediate,Weekly Contest,2023-04-10,G,G,UVA,13207,1540,Medium,Implementation,implementation,https://vjudge.net/contest/552515#problem/G,https://vjudge.net/problem/UVA-13207
312,552515,27,Weekly Practice Contest 3 - Intermediate,Weekly Contest,2023-04-10,H,H,CodeForces,427C,1700,Hard,Graphs,"dfs and similar, graphs, two pointers",https://vjudge.net/contest/552515#problem/H,https://vjudge.net/problem/CodeForces-427C
313,552515,27,Weekly Practice Contest 3 - Intermediate,Weekly Contest,2023-04-10,I,I,SPOJ,PAIRSUM,1720,Hard,Implementation,implementation,https://vjudge.net/contest/552515#problem/I,https://vjudge.net/problem/SPOJ-PAIRSUM
314,552515,27,Weekly Practice Contest 3 - Intermediate,Weekly Contest,2023-04-10,J,J,CodeChef,PHCUL,1800,Hard,Implementation,implementation,https://vjudge.net/contest/552515#problem/J,https://vjudge.net/problem/CodeChef-PHCUL
315,555784,28,Weekly Practice Contest 3 - Beginner,Beginner Contest,2023-05-01,A,Minimum Integer,CodeForces,1101A,1000,Easy,Math & Number Theory,math,https://vjudge.net/contest/555784#problem/A,https://vjudge.net/problem/CodeForces-1101A
316,555784,28,Weekly Practice Contest 3 - Beginner,Beginner Contest,2023-05-01,B,Good Sequence,AtCoder,arc087_a,1221,Medium,Implementation,"implementation, basic math",https://vjudge.net/contest/555784#problem/B,https://vjudge.net/problem/AtCoder-arc087_a
317,555784,28,Weekly Practice Contest 3 - Beginner,Beginner Contest,2023-05-01,C,Distinct Trio,AtCoder,abc252_d,1402,Medium,Dynamic Programming,"dp, graphs, data structures",https://vjudge.net/contest/555784#problem/C,https://vjudge.net/problem/AtCoder-abc252_d
318,555784,28,Weekly Practice Contest 3 - Beginner,Beginner Contest,2023-05-01,D,Guess the Number,Gym,101021-1,1140,Easy,Implementation,implementation,https://vjudge.net/contest/555784#problem/D,https://vjudge.net/problem/Gym-101021-1
319,555784,28,Weekly Practice Contest 3 - Beginner,Beginner Contest,2023-05-01,E,Dance,AtCoder,abc236_d,1594,Medium,Dynamic Programming,"dp, graphs, data structures",https://vjudge.net/contest/555784#problem/E,https://vjudge.net/problem/AtCoder-abc236_d
320,555784,28,Weekly Practice Contest 3 - Beginner,Beginner Contest,2023-05-01,F,LR Constraints,AtCoder,arc124_a,912,Easy,Implementation,"implementation, basic math",https://vjudge.net/contest/555784#problem/F,https://vjudge.net/problem/AtCoder-arc124_a
321,555784,28,Weekly Practice Contest 3 - Beginner,Beginner Contest,2023-05-01,G,Make GCD Great Again!,LightOJ,1506,1380,Medium,Math & Number Theory,"number theory, math",https://vjudge.net/contest/555784#problem/G,https://vjudge.net/problem/LightOJ-1506
322,555784,28,Weekly Practice Contest 3 - Beginner,Beginner Contest,2023-05-01,H,Fourtune Cookies,AtCoder,arc105_a,800,Easy,Implementation,"implementation, basic math",https://vjudge.net/contest/555784#problem/H,https://vjudge.net/problem/AtCoder-arc105_a
323,555784,28,Weekly Practice Contest 3 - Beginner,Beginner Contest,2023-05-01,I,Nice Grid,AtCoder,abc264_b,800,Easy,Implementation,"implementation, basic math",https://vjudge.net/contest/555784#problem/I,https://vjudge.net/problem/AtCoder-abc264_b
324,555784,28,Weekly Practice Contest 3 - Beginner,Beginner Contest,2023-05-01,J,Max - Min Query,AtCoder,abc253_c,1174,Easy,Greedy,"greedy, math, binary search",https://vjudge.net/contest/555784#problem/J,https://vjudge.net/problem/AtCoder-abc253_c
325,556293,29,Weekly Practice Contest 4 - Intermediate,Weekly Contest,2023-05-04,A,Delicious,CodeForces,282E,2200,Expert,Trees,"bitmasks, data structures, trees",https://vjudge.net/contest/556293#problem/A,https://vjudge.net/problem/CodeForces-282E
326,556293,29,Weekly Practice Contest 4 - Intermediate,Weekly Contest,2023-05-04,B,Blue Balls,AtCoder,abc132_d,1579,Medium,Dynamic Programming,"dp, graphs, data structures",https://vjudge.net/contest/556293#problem/B,https://vjudge.net/problem/AtCoder-abc132_d
327,556293,29,Weekly Practice Contest 4 - Intermediate,Weekly Contest,2023-05-04,C,Brush,LightOJ,1018,1180,Easy,Implementation,implementation,https://vjudge.net/contest/556293#problem/C,https://vjudge.net/problem/LightOJ-1018
328,556293,29,Weekly Practice Contest 4 - Intermediate,Weekly Contest,2023-05-04,D,Cut The Tree,AtCoder,agc017_d,2433,Expert,Trees,trees,https://vjudge.net/contest/556293#problem/D,https://vjudge.net/problem/AtCoder-agc017_d
329,556293,29,Weekly Practice Contest 4 - Intermediate,Weekly Contest,2023-05-04,E,Save Money,CSES,1195,1400,Medium,Graphs,"graphs, dijkstra, shortest paths",https://vjudge.net/contest/556293#problem/E,https://vjudge.net/problem/CSES-1195
330,556293,29,Weekly Practice Contest 4 - Intermediate,Weekly Contest,2023-05-04,F,!FORBIDDEN!,AtCoder,abc170_c,811,Easy,Greedy,"greedy, math, binary search",https://vjudge.net/contest/556293#problem/F,https://vjudge.net/problem/AtCoder-abc170_c
331,556293,29,Weekly Practice Contest 4 - Intermediate,Weekly Contest,2023-05-04,G,Max Sum,AtCoder,abc125_d,1371,Medium,Math & Number Theory,"math, number theory",https://vjudge.net/contest/556293#problem/G,https://vjudge.net/problem/AtCoder-abc125_d
332,556293,29,Weekly Practice Contest 4 - Intermediate,Weekly Contest,2023-05-04,H,Let Me OUT!!!,LightOJ,1027,1630,Hard,Implementation,implementation,https://vjudge.net/contest/556293#problem/H,https://vjudge.net/problem/LightOJ-1027
333,556293,29,Weekly Practice Contest 4 - Intermediate,Weekly Contest,2023-05-04,I,London Bridge is Falling Down,AtCoder,abc120_d,1736,Hard,Dynamic Programming,"dp, graphs, data structures",https://vjudge.net/contest/556293#problem/I,https://vjudge.net/problem/AtCoder-abc120_d
334,557251,30,Weekly Practice Contest - 1,Weekly Contest,2023-05-08,A,Rotate,AtCoder,abc259_b,861,Easy,Implementation,"implementation, basic math",https://vjudge.net/contest/557251#problem/A,https://vjudge.net/problem/AtCoder-abc259_b
335,557251,30,Weekly Practice Contest - 1,Weekly Contest,2023-05-08,B,Onek Jaam,CodeForces,954D,1600,Hard,Graphs,"dfs and similar, graphs, shortest paths",https://vjudge.net/contest/557251#problem/B,https://vjudge.net/problem/CodeForces-954D
336,557251,30,Weekly Practice Contest - 1,Weekly Contest,2023-05-08,C,Many GCD,CodeForces,1458A,1600,Hard,Math & Number Theory,"math, number theory",https://vjudge.net/contest/557251#problem/C,https://vjudge.net/problem/CodeForces-1458A
337,557251,30,Weekly Practice Contest - 1,Weekly Contest,2023-05-08,D,Ask Me the Sum,CodeForces,727C,1400,Medium,Math & Number Theory,"constructive algorithms, interactive, math",https://vjudge.net/contest/557251#problem/D,https://vjudge.net/problem/CodeForces-727C
338,557251,30,Weekly Practice Contest - 1,Weekly Contest,2023-05-08,E,Destroy,CodeForces,722C,1600,Hard,Data Structures,"data structures, dsu",https://vjudge.net/contest/557251#problem/E,https://vjudge.net/problem/CodeForces-722C
339,557251,30,Weekly Practice Contest - 1,Weekly Contest,2023-05-08,F,Dam Beshi,AtCoder,abc146_c,1313,Medium,Greedy,"greedy, math, binary search",https://vjudge.net/contest/557251#problem/F,https://vjudge.net/problem/AtCoder-abc146_c
340,557251,30,Weekly Practice Contest - 1,Weekly Contest,2023-05-08,G,Make All,CSES,1622,900,Easy,Games & Constructive,"brute force, recursion, strings",https://vjudge.net/contest/557251#problem/G,https://vjudge.net/problem/CSES-1622
341,557251,30,Weekly Practice Contest - 1,Weekly Contest,2023-05-08,H,Move,CodeForces,1657A,800,Easy,Math & Number Theory,"brute force, math",https://vjudge.net/contest/557251#problem/H,https://vjudge.net/problem/CodeForces-1657A
342,557251,30,Weekly Practice Contest - 1,Weekly Contest,2023-05-08,I,Mod and Add,AtCoder,abc139_d,1066,Easy,Dynamic Programming,"dp, graphs, data structures",https://vjudge.net/contest/557251#problem/I,https://vjudge.net/problem/AtCoder-abc139_d
343,557251,30,Weekly Practice Contest - 1,Weekly Contest,2023-05-08,J,Same Sum and Xor,AtCoder,abc129_e,1904,Hard,Math & Number Theory,"math, number theory",https://vjudge.net/contest/557251#problem/J,https://vjudge.net/problem/AtCoder-abc129_e
344,557251,30,Weekly Practice Contest - 1,Weekly Contest,2023-05-08,K,Magical Die,LightOJ,1248,1800,Hard,Implementation,implementation,https://vjudge.net/contest/557251#problem/K,https://vjudge.net/problem/LightOJ-1248
345,557251,30,Weekly Practice Contest - 1,Weekly Contest,2023-05-08,L,Unsolvable,CodeForces,1269A,800,Easy,Math & Number Theory,"brute force, math",https://vjudge.net/contest/557251#problem/L,https://vjudge.net/problem/CodeForces-1269A
346,567313,31,Team Forming Contest 1 for BUET IUPC 2023 and ICPC 2023,Team Forming,2023-07-06,A,A,AtCoder,agc038_a,1468,Medium,Implementation,"implementation, basic math",https://vjudge.net/contest/567313#problem/A,https://vjudge.net/problem/AtCoder-agc038_a
347,567313,31,Team Forming Contest 1 for BUET IUPC 2023 and ICPC 2023,Team Forming,2023-07-06,B,B,AtCoder,abc141_d,1364,Medium,Dynamic Programming,"dp, graphs, data structures",https://vjudge.net/contest/567313#problem/B,https://vjudge.net/problem/AtCoder-abc141_d
348,567313,31,Team Forming Contest 1 for BUET IUPC 2023 and ICPC 2023,Team Forming,2023-07-06,C,C,AtCoder,agc038_b,1963,Hard,Implementation,"implementation, basic math",https://vjudge.net/contest/567313#problem/C,https://vjudge.net/problem/AtCoder-agc038_b
349,567313,31,Team Forming Contest 1 for BUET IUPC 2023 and ICPC 2023,Team Forming,2023-07-06,D,D,CodeChef,HARRYGOF,1530,Medium,Implementation,implementation,https://vjudge.net/contest/567313#problem/D,https://vjudge.net/problem/CodeChef-HARRYGOF
350,567313,31,Team Forming Contest 1 for BUET IUPC 2023 and ICPC 2023,Team Forming,2023-07-06,E,E,CodeChef,HARRYDH2,1640,Hard,Implementation,implementation,https://vjudge.net/contest/567313#problem/E,https://vjudge.net/problem/CodeChef-HARRYDH2
351,567313,31,Team Forming Contest 1 for BUET IUPC 2023 and ICPC 2023,Team Forming,2023-07-06,F,F,CodeChef,DESTROY,1750,Hard,Implementation,implementation,https://vjudge.net/contest/567313#problem/F,https://vjudge.net/problem/CodeChef-DESTROY
352,567313,31,Team Forming Contest 1 for BUET IUPC 2023 and ICPC 2023,Team Forming,2023-07-06,G,G,CodeForces,614C,1400,Medium,Implementation,implementation,https://vjudge.net/contest/567313#problem/G,https://vjudge.net/problem/CodeForces-614C
353,567313,31,Team Forming Contest 1 for BUET IUPC 2023 and ICPC 2023,Team Forming,2023-07-06,H,H,CodeForces,136D,1400,Medium,Implementation,implementation,https://vjudge.net/contest/567313#problem/H,https://vjudge.net/problem/CodeForces-136D
354,567716,32,Team Forming Contest 2 for BUET IUPC 2023 and ICPC 2023,Team Forming,2023-07-08,A,A,AtCoder,diverta2019_2_a,800,Easy,Implementation,"implementation, basic math",https://vjudge.net/contest/567716#problem/A,https://vjudge.net/problem/AtCoder-diverta2019_2_a
355,567716,32,Team Forming Contest 2 for BUET IUPC 2023 and ICPC 2023,Team Forming,2023-07-08,B,B,AtCoder,diverta2019_2_b,1491,Medium,Implementation,"implementation, basic math",https://vjudge.net/contest/567716#problem/B,https://vjudge.net/problem/AtCoder-diverta2019_2_b
356,567716,32,Team Forming Contest 2 for BUET IUPC 2023 and ICPC 2023,Team Forming,2023-07-08,C,C,AtCoder,diverta2019_2_c,1623,Hard,Greedy,"greedy, math, binary search",https://vjudge.net/contest/567716#problem/C,https://vjudge.net/problem/AtCoder-diverta2019_2_c
357,567716,32,Team Forming Contest 2 for BUET IUPC 2023 and ICPC 2023,Team Forming,2023-07-08,D,D,AtCoder,diverta2019_2_d,2198,Expert,Dynamic Programming,"dp, graphs, data structures",https://vjudge.net/contest/567716#problem/D,https://vjudge.net/problem/AtCoder-diverta2019_2_d
358,567716,32,Team Forming Contest 2 for BUET IUPC 2023 and ICPC 2023,Team Forming,2023-07-08,E,E,CodeChef,XOMMON,1640,Hard,Implementation,implementation,https://vjudge.net/contest/567716#problem/E,https://vjudge.net/problem/CodeChef-XOMMON
359,567716,32,Team Forming Contest 2 for BUET IUPC 2023 and ICPC 2023,Team Forming,2023-07-08,F,F,CodeChef,IMPACT,1750,Hard,Implementation,implementation,https://vjudge.net/contest/567716#problem/F,https://vjudge.net/problem/CodeChef-IMPACT
360,567716,32,Team Forming Contest 2 for BUET IUPC 2023 and ICPC 2023,Team Forming,2023-07-08,G,G,CodeChef,RNDRND,1860,Hard,Implementation,implementation,https://vjudge.net/contest/567716#problem/G,https://vjudge.net/problem/CodeChef-RNDRND
361,567716,32,Team Forming Contest 2 for BUET IUPC 2023 and ICPC 2023,Team Forming,2023-07-08,H,H,CodeChef,SUBNUM,1970,Hard,Implementation,implementation,https://vjudge.net/contest/567716#problem/H,https://vjudge.net/problem/CodeChef-SUBNUM
362,567935,33,Team Forming Contest 3 for BUET IUPC 2023 and ICPC 2023,Team Forming,2023-07-09,A,A,CodeChef,GARGOYLE,1200,Medium,Implementation,implementation,https://vjudge.net/contest/567935#problem/A,https://vjudge.net/problem/CodeChef-GARGOYLE
363,567935,33,Team Forming Contest 3 for BUET IUPC 2023 and ICPC 2023,Team Forming,2023-07-09,B,B,CodeChef,SUMNCR,1310,Medium,Implementation,implementation,https://vjudge.net/contest/567935#problem/B,https://vjudge.net/problem/CodeChef-SUMNCR
364,567935,33,Team Forming Contest 3 for BUET IUPC 2023 and ICPC 2023,Team Forming,2023-07-09,C,C,CodeChef,ENG5,1420,Medium,Implementation,implementation,https://vjudge.net/contest/567935#problem/C,https://vjudge.net/problem/CodeChef-ENG5
365,567935,33,Team Forming Contest 3 for BUET IUPC 2023 and ICPC 2023,Team Forming,2023-07-09,D,D,CodeChef,MISSME,1530,Medium,Implementation,implementation,https://vjudge.net/contest/567935#problem/D,https://vjudge.net/problem/CodeChef-MISSME
366,567935,33,Team Forming Contest 3 for BUET IUPC 2023 and ICPC 2023,Team Forming,2023-07-09,E,E,CodeChef,NINENINE,1640,Hard,Implementation,implementation,https://vjudge.net/contest/567935#problem/E,https://vjudge.net/problem/CodeChef-NINENINE
367,567935,33,Team Forming Contest 3 for BUET IUPC 2023 and ICPC 2023,Team Forming,2023-07-09,F,F,CodeForces,304C,1400,Medium,Implementation,implementation,https://vjudge.net/contest/567935#problem/F,https://vjudge.net/problem/CodeForces-304C
368,567935,33,Team Forming Contest 3 for BUET IUPC 2023 and ICPC 2023,Team Forming,2023-07-09,G,G,CodeForces,304D,1400,Medium,Implementation,implementation,https://vjudge.net/contest/567935#problem/G,https://vjudge.net/problem/CodeForces-304D
369,567935,33,Team Forming Contest 3 for BUET IUPC 2023 and ICPC 2023,Team Forming,2023-07-09,H,H,CodeForces,304E,1400,Medium,Implementation,implementation,https://vjudge.net/contest/567935#problem/H,https://vjudge.net/problem/CodeForces-304E
370,568162,34,Team Forming Contest 4 for BUET IUPC 2023 and ICPC 2023,Team Forming,2023-07-10,A,A,CodeChef,EXUNE,1200,Medium,Implementation,implementation,https://vjudge.net/contest/568162#problem/A,https://vjudge.net/problem/CodeChef-EXUNE
371,568162,34,Team Forming Contest 4 for BUET IUPC 2023 and ICPC 2023,Team Forming,2023-07-10,B,B,CodeChef,EXUNC,1310,Medium,Implementation,implementation,https://vjudge.net/contest/568162#problem/B,https://vjudge.net/problem/CodeChef-EXUNC
372,568162,34,Team Forming Contest 4 for BUET IUPC 2023 and ICPC 2023,Team Forming,2023-07-10,C,C,CodeChef,IOPC17E,1420,Medium,Implementation,implementation,https://vjudge.net/contest/568162#problem/C,https://vjudge.net/problem/CodeChef-IOPC17E
373,568162,34,Team Forming Contest 4 for BUET IUPC 2023 and ICPC 2023,Team Forming,2023-07-10,D,D,CodeForces,724A,1000,Easy,Implementation,implementation,https://vjudge.net/contest/568162#problem/D,https://vjudge.net/problem/CodeForces-724A
374,568162,34,Team Forming Contest 4 for BUET IUPC 2023 and ICPC 2023,Team Forming,2023-07-10,E,F,CodeForces,724C,1800,Hard,Math & Number Theory,"greedy, hashing, implementation, math, number theory, sortings",https://vjudge.net/contest/568162#problem/E,https://vjudge.net/problem/CodeForces-724C
375,568162,34,Team Forming Contest 4 for BUET IUPC 2023 and ICPC 2023,Team Forming,2023-07-10,F,G,CodeForces,724D,1900,Hard,Data Structures,"data structures, greedy, strings",https://vjudge.net/contest/568162#problem/F,https://vjudge.net/problem/CodeForces-724D
376,568162,34,Team Forming Contest 4 for BUET IUPC 2023 and ICPC 2023,Team Forming,2023-07-10,G,H,CodeForces,724E,2900,Expert,Dynamic Programming,"dp, flows, greedy",https://vjudge.net/contest/568162#problem/G,https://vjudge.net/problem/CodeForces-724E
377,568162,34,Team Forming Contest 4 for BUET IUPC 2023 and ICPC 2023,Team Forming,2023-07-10,H,Batch Sort,CodeForces,724B,1500,Medium,Math & Number Theory,"brute force, greedy, implementation, math",https://vjudge.net/contest/568162#problem/H,https://vjudge.net/problem/CodeForces-724B
378,571016,35,Team Practice Contest 1 [BUET IUPC 2023],Team Practice,2023-07-24,A,Adolescent Architecture 2,Gym,104466A,1100,Easy,Implementation,implementation,https://vjudge.net/contest/571016#problem/A,https://vjudge.net/problem/Gym-104466A
379,571016,35,Team Practice Contest 1 [BUET IUPC 2023],Team Practice,2023-07-24,B,Balloon Darts,Gym,104466B,1200,Medium,Implementation,implementation,https://vjudge.net/contest/571016#problem/B,https://vjudge.net/problem/Gym-104466B
380,571016,35,Team Practice Contest 1 [BUET IUPC 2023],Team Practice,2023-07-24,C,Cosmic Commute,Gym,104466C,1300,Medium,Implementation,implementation,https://vjudge.net/contest/571016#problem/C,https://vjudge.net/problem/Gym-104466C
381,571016,35,Team Practice Contest 1 [BUET IUPC 2023],Team Practice,2023-07-24,D,DnD Dice,Gym,104466D,1400,Medium,Implementation,implementation,https://vjudge.net/contest/571016#problem/D,https://vjudge.net/problem/Gym-104466D
382,571016,35,Team Practice Contest 1 [BUET IUPC 2023],Team Practice,2023-07-24,E,Eszett,Gym,104466E,1500,Medium,Implementation,implementation,https://vjudge.net/contest/571016#problem/E,https://vjudge.net/problem/Gym-104466E
383,571016,35,Team Practice Contest 1 [BUET IUPC 2023],Team Practice,2023-07-24,F,Freestyle Masonry,Gym,104466F,1600,Hard,Implementation,implementation,https://vjudge.net/contest/571016#problem/F,https://vjudge.net/problem/Gym-104466F
384,571016,35,Team Practice Contest 1 [BUET IUPC 2023],Team Practice,2023-07-24,G,German Conference for Public Counting,Gym,104466G,1700,Hard,Implementation,implementation,https://vjudge.net/contest/571016#problem/G,https://vjudge.net/problem/Gym-104466G
385,571016,35,Team Practice Contest 1 [BUET IUPC 2023],Team Practice,2023-07-24,H,Highway Combinatorics,Gym,104466H,1800,Hard,Math & Number Theory,"number theory, math",https://vjudge.net/contest/571016#problem/H,https://vjudge.net/problem/Gym-104466H
386,571016,35,Team Practice Contest 1 [BUET IUPC 2023],Team Practice,2023-07-24,I,Investigating Frog Behaviour on Lily Pad Patterns,Gym,104466I,1900,Hard,Implementation,implementation,https://vjudge.net/contest/571016#problem/I,https://vjudge.net/problem/Gym-104466I
387,571016,35,Team Practice Contest 1 [BUET IUPC 2023],Team Practice,2023-07-24,J,Japanese Lottery,Gym,104466J,2000,Expert,Implementation,implementation,https://vjudge.net/contest/571016#problem/J,https://vjudge.net/problem/Gym-104466J
388,571016,35,Team Practice Contest 1 [BUET IUPC 2023],Team Practice,2023-07-24,K,Kaldorian Knights,Gym,104466K,2100,Expert,Implementation,implementation,https://vjudge.net/contest/571016#problem/K,https://vjudge.net/problem/Gym-104466K
389,571016,35,Team Practice Contest 1 [BUET IUPC 2023],Team Practice,2023-07-24,L,Loop Invariant,Gym,104466L,2100,Expert,Implementation,implementation,https://vjudge.net/contest/571016#problem/L,https://vjudge.net/problem/Gym-104466L
390,571016,35,Team Practice Contest 1 [BUET IUPC 2023],Team Practice,2023-07-24,M,Mischievous Math,Gym,104466M,2100,Expert,Math & Number Theory,"number theory, math",https://vjudge.net/contest/571016#problem/M,https://vjudge.net/problem/Gym-104466M
391,571229,36,Team Practice Contest 2 [BUET IUPC 2023],Team Practice,2023-07-25,A,Assembly,Gym,104479A,1100,Easy,Implementation,implementation,https://vjudge.net/contest/571229#problem/A,https://vjudge.net/problem/Gym-104479A
392,571229,36,Team Practice Contest 2 [BUET IUPC 2023],Team Practice,2023-07-25,B,Beautiful XOR Problem,Gym,104479B,1200,Medium,Implementation,implementation,https://vjudge.net/contest/571229#problem/B,https://vjudge.net/problem/Gym-104479B
393,571229,36,Team Practice Contest 2 [BUET IUPC 2023],Team Practice,2023-07-25,C,Convolution,Gym,104479C,1300,Medium,Implementation,implementation,https://vjudge.net/contest/571229#problem/C,https://vjudge.net/problem/Gym-104479C
394,571229,36,Team Practice Contest 2 [BUET IUPC 2023],Team Practice,2023-07-25,D,DAG Probability,Gym,104479D,1400,Medium,Implementation,implementation,https://vjudge.net/contest/571229#problem/D,https://vjudge.net/problem/Gym-104479D
395,571229,36,Team Practice Contest 2 [BUET IUPC 2023],Team Practice,2023-07-25,E,Erase the Primes,Gym,104479E,1500,Medium,Math & Number Theory,"number theory, math",https://vjudge.net/contest/571229#problem/E,https://vjudge.net/problem/Gym-104479E
396,571229,36,Team Practice Contest 2 [BUET IUPC 2023],Team Practice,2023-07-25,F,Forest Game,Gym,104479F,1600,Hard,Games & Constructive,"games, constructive algorithms",https://vjudge.net/contest/571229#problem/F,https://vjudge.net/problem/Gym-104479F
397,571229,36,Team Practice Contest 2 [BUET IUPC 2023],Team Practice,2023-07-25,G,Guessing by Divisibility,Gym,104479G,1700,Hard,Implementation,implementation,https://vjudge.net/contest/571229#problem/G,https://vjudge.net/problem/Gym-104479G
398,571229,36,Team Practice Contest 2 [BUET IUPC 2023],Team Practice,2023-07-25,H,Highest Median Walk,Gym,104479H,1800,Hard,Implementation,implementation,https://vjudge.net/contest/571229#problem/H,https://vjudge.net/problem/Gym-104479H
399,571229,36,Team Practice Contest 2 [BUET IUPC 2023],Team Practice,2023-07-25,I,Incomplete Information Queries,Gym,104479I,1900,Hard,Data Structures,data structures,https://vjudge.net/contest/571229#problem/I,https://vjudge.net/problem/Gym-104479I
400,571229,36,Team Practice Contest 2 [BUET IUPC 2023],Team Practice,2023-07-25,J,Joining Arrays,Gym,104479J,2000,Expert,Implementation,implementation,https://vjudge.net/contest/571229#problem/J,https://vjudge.net/problem/Gym-104479J
401,571229,36,Team Practice Contest 2 [BUET IUPC 2023],Team Practice,2023-07-25,K,Kid's First Geometry Problem,Gym,104479K,2100,Expert,Geometry,"geometry, math",https://vjudge.net/contest/571229#problem/K,https://vjudge.net/problem/Gym-104479K
402,571229,36,Team Practice Contest 2 [BUET IUPC 2023],Team Practice,2023-07-25,L,Lying Faces,Gym,104479L,2100,Expert,Implementation,implementation,https://vjudge.net/contest/571229#problem/L,https://vjudge.net/problem/Gym-104479L
403,572698,37,Number Theory Problems,Topic Contest,2023-08-01,A,Common Divisors,CSES,1081,1300,Medium,Math & Number Theory,"number theory, math, gcd",https://vjudge.net/contest/572698#problem/A,https://vjudge.net/problem/CSES-1081
404,572698,37,Number Theory Problems,Topic Contest,2023-08-01,B,Sum of Divisors,CSES,1082,1500,Medium,Math & Number Theory,"number theory, math",https://vjudge.net/contest/572698#problem/B,https://vjudge.net/problem/CSES-1082
405,572698,37,Number Theory Problems,Topic Contest,2023-08-01,C,Prime Multiples,CSES,2185,1500,Medium,Math & Number Theory,"math, inclusion-exclusion, number theory",https://vjudge.net/contest/572698#problem/C,https://vjudge.net/problem/CSES-2185
406,572698,37,Number Theory Problems,Topic Contest,2023-08-01,D,Divisors of the Divisors of An Integer,Gym,102040C,1270,Medium,Math & Number Theory,"number theory, math",https://vjudge.net/contest/572698#problem/D,https://vjudge.net/problem/Gym-102040C
407,572698,37,Number Theory Problems,Topic Contest,2023-08-01,E,Shine on You Crazy Diamond,Toph,shine-on-you-crazy-diamond,1360,Medium,Math & Number Theory,"number theory, math",https://vjudge.net/contest/572698#problem/E,https://vjudge.net/problem/Toph-shine-on-you-crazy-diamond
408,572698,37,Number Theory Problems,Topic Contest,2023-08-01,F,Colded LCM,Toph,colded-lcm,1450,Medium,Math & Number Theory,"number theory, math",https://vjudge.net/contest/572698#problem/F,https://vjudge.net/problem/Toph-colded-lcm
409,572698,37,Number Theory Problems,Topic Contest,2023-08-01,G,Divisors,UVA,13279,1540,Medium,Math & Number Theory,"number theory, math",https://vjudge.net/contest/572698#problem/G,https://vjudge.net/problem/UVA-13279
410,572698,37,Number Theory Problems,Topic Contest,2023-08-01,H,Unusual Sequences,CodeForces,900D,2000,Expert,Dynamic Programming,"bitmasks, combinatorics, dp, math, number theory",https://vjudge.net/contest/572698#problem/H,https://vjudge.net/problem/CodeForces-900D
411,572698,37,Number Theory Problems,Topic Contest,2023-08-01,I,Count Pairs,CodeForces,1189E,2300,Expert,Math & Number Theory,"math, matrices, number theory, two pointers",https://vjudge.net/contest/572698#problem/I,https://vjudge.net/problem/CodeForces-1189E
412,572698,37,Number Theory Problems,Topic Contest,2023-08-01,J,Congruence Equation,CodeForces,919E,2100,Expert,Math & Number Theory,"chinese remainder theorem, math, number theory",https://vjudge.net/contest/572698#problem/J,https://vjudge.net/problem/CodeForces-919E
413,572698,37,Number Theory Problems,Topic Contest,2023-08-01,K,Lostborn,CodeForces,93E,2600,Expert,Dynamic Programming,"dp, math, number theory",https://vjudge.net/contest/572698#problem/K,https://vjudge.net/problem/CodeForces-93E
414,572698,37,Number Theory Problems,Topic Contest,2023-08-01,L,Pair Divisible,SPOJ,PAIRDIV,1800,Hard,Math & Number Theory,"number theory, math",https://vjudge.net/contest/572698#problem/L,https://vjudge.net/problem/SPOJ-PAIRDIV
415,572698,37,Number Theory Problems,Topic Contest,2023-08-01,M,Geometrical Progression,CodeForces,758F,2400,Expert,Math & Number Theory,"brute force, math, number theory",https://vjudge.net/contest/572698#problem/M,https://vjudge.net/problem/CodeForces-758F
416,572698,37,Number Theory Problems,Topic Contest,2023-08-01,N,Function,QOJ,6740,1800,Hard,Math & Number Theory,"number theory, math",https://vjudge.net/contest/572698#problem/N,https://vjudge.net/problem/QOJ-6740
417,572698,37,Number Theory Problems,Topic Contest,2023-08-01,O,X Equals Y,QOJ,6519,1800,Hard,Math & Number Theory,"number theory, math",https://vjudge.net/contest/572698#problem/O,https://vjudge.net/problem/QOJ-6519
418,572698,37,Number Theory Problems,Topic Contest,2023-08-01,P,Minimize Median,QOJ,6632,1800,Hard,Math & Number Theory,"number theory, math",https://vjudge.net/contest/572698#problem/P,https://vjudge.net/problem/QOJ-6632
419,572698,37,Number Theory Problems,Topic Contest,2023-08-01,Q,Maximum GCD,QOJ,5465,1800,Hard,Math & Number Theory,"number theory, math",https://vjudge.net/contest/572698#problem/Q,https://vjudge.net/problem/QOJ-5465
420,572698,37,Number Theory Problems,Topic Contest,2023-08-01,R,Classic: Classical Problem,QOJ,6399,1800,Hard,Math & Number Theory,"number theory, math",https://vjudge.net/contest/572698#problem/R,https://vjudge.net/problem/QOJ-6399
421,572698,37,Number Theory Problems,Topic Contest,2023-08-01,S,Classic: N Real DNA Pots,QOJ,6401,1800,Hard,Math & Number Theory,"number theory, math",https://vjudge.net/contest/572698#problem/S,https://vjudge.net/problem/QOJ-6401
422,572698,37,Number Theory Problems,Topic Contest,2023-08-01,T,Bash Plays with Functions,CodeForces,757E,2500,Expert,Dynamic Programming,"brute force, combinatorics, dp, number theory",https://vjudge.net/contest/572698#problem/T,https://vjudge.net/problem/CodeForces-757E
423,572698,37,Number Theory Problems,Topic Contest,2023-08-01,U,Coprime Subsequences,CodeForces,803F,2000,Expert,Math & Number Theory,"bitmasks, combinatorics, number theory",https://vjudge.net/contest/572698#problem/U,https://vjudge.net/problem/CodeForces-803F
424,572698,37,Number Theory Problems,Topic Contest,2023-08-01,V,Vulnerable Kerbals,CodeForces,801E,2300,Expert,Dynamic Programming,"constructive algorithms, dp, graphs, math, number theory",https://vjudge.net/contest/572698#problem/V,https://vjudge.net/problem/CodeForces-801E
425,572698,37,Number Theory Problems,Topic Contest,2023-08-01,W,The Holmes Children,CodeForces,776E,2100,Expert,Math & Number Theory,"math, number theory",https://vjudge.net/contest/572698#problem/W,https://vjudge.net/problem/CodeForces-776E
426,572698,37,Number Theory Problems,Topic Contest,2023-08-01,X,Subarray LCM,CodeChef,SUBLCM,1800,Hard,Math & Number Theory,"number theory, math",https://vjudge.net/contest/572698#problem/X,https://vjudge.net/problem/CodeChef-SUBLCM
427,572698,37,Number Theory Problems,Topic Contest,2023-08-01,Y,ZS and The Birthday Paradox,CodeForces,711E,2300,Expert,Math & Number Theory,"math, number theory, probabilities",https://vjudge.net/contest/572698#problem/Y,https://vjudge.net/problem/CodeForces-711E
428,572698,37,Number Theory Problems,Topic Contest,2023-08-01,Z,Cyclic Cipher,CodeForces,722F,2800,Expert,Math & Number Theory,"chinese remainder theorem, data structures, implementation, number theory, two pointers",https://vjudge.net/contest/572698#problem/Z,https://vjudge.net/problem/CodeForces-722F
429,572929,38,Online Weekly Practice Contest 1: STL,Weekly Contest,2023-08-02,A,Vector-Sort,HackerRank,vector-sort,1000,Easy,Geometry,"geometry, math",https://vjudge.net/contest/572929#problem/A,https://vjudge.net/problem/HackerRank-vector-sort
430,572929,38,Online Weekly Practice Contest 1: STL,Weekly Contest,2023-08-02,B,Vector-Erase,HackerRank,vector-erase,1090,Easy,Geometry,"geometry, math",https://vjudge.net/contest/572929#problem/B,https://vjudge.net/problem/HackerRank-vector-erase
431,572929,38,Online Weekly Practice Contest 1: STL,Weekly Contest,2023-08-02,C,Lower Bound-STL,HackerRank,cpp-lower-bound,1180,Easy,Geometry,"geometry, math",https://vjudge.net/contest/572929#problem/C,https://vjudge.net/problem/HackerRank-cpp-lower-bound
432,572929,38,Online Weekly Practice Contest 1: STL,Weekly Contest,2023-08-02,D,Sets-STL,HackerRank,cpp-sets,1270,Medium,Geometry,"geometry, math",https://vjudge.net/contest/572929#problem/D,https://vjudge.net/problem/HackerRank-cpp-sets
433,572929,38,Online Weekly Practice Contest 1: STL,Weekly Contest,2023-08-02,E,Maps-STL,HackerRank,cpp-maps,1360,Medium,Geometry,"geometry, math",https://vjudge.net/contest/572929#problem/E,https://vjudge.net/problem/HackerRank-cpp-maps
434,572929,38,Online Weekly Practice Contest 1: STL,Weekly Contest,2023-08-02,F,Print Pretty,HackerRank,prettyprint,1450,Medium,Geometry,"geometry, math",https://vjudge.net/contest/572929#problem/F,https://vjudge.net/problem/HackerRank-prettyprint
435,572929,38,Online Weekly Practice Contest 1: STL,Weekly Contest,2023-08-02,G,Deque-STL,HackerRank,deque-stl,1540,Medium,Geometry,"geometry, math",https://vjudge.net/contest/572929#problem/G,https://vjudge.net/problem/HackerRank-deque-stl
436,572929,38,Online Weekly Practice Contest 1: STL,Weekly Contest,2023-08-02,H,Where is the Marble?,UVA,10474,1630,Hard,Geometry,"geometry, math",https://vjudge.net/contest/572929#problem/H,https://vjudge.net/problem/UVA-10474
437,572929,38,Online Weekly Practice Contest 1: STL,Weekly Contest,2023-08-02,I,The Blocks Problem,UVA,101,1720,Hard,Geometry,"geometry, math",https://vjudge.net/contest/572929#problem/I,https://vjudge.net/problem/UVA-101
438,572929,38,Online Weekly Practice Contest 1: STL,Weekly Contest,2023-08-02,J,Andy's First Dictionary,UVA,10815,1800,Hard,Geometry,"geometry, math",https://vjudge.net/contest/572929#problem/J,https://vjudge.net/problem/UVA-10815
439,572929,38,Online Weekly Practice Contest 1: STL,Weekly Contest,2023-08-02,K,Ananagrams,UVA,156,1800,Hard,Geometry,"geometry, math",https://vjudge.net/contest/572929#problem/K,https://vjudge.net/problem/UVA-156
440,572929,38,Online Weekly Practice Contest 1: STL,Weekly Contest,2023-08-02,L,The SetStack Computer,UVA,12096,1800,Hard,Geometry,"geometry, math",https://vjudge.net/contest/572929#problem/L,https://vjudge.net/problem/UVA-12096
441,572929,38,Online Weekly Practice Contest 1: STL,Weekly Contest,2023-08-02,M,Team Queue,UVA,540,1800,Hard,Geometry,"geometry, math",https://vjudge.net/contest/572929#problem/M,https://vjudge.net/problem/UVA-540
442,572929,38,Online Weekly Practice Contest 1: STL,Weekly Contest,2023-08-02,N,Ugly Numbers,UVA,136,1800,Hard,Geometry,"geometry, math",https://vjudge.net/contest/572929#problem/N,https://vjudge.net/problem/UVA-136
443,572929,38,Online Weekly Practice Contest 1: STL,Weekly Contest,2023-08-02,O,Unix ls,UVA,400,1800,Hard,Geometry,"geometry, math",https://vjudge.net/contest/572929#problem/O,https://vjudge.net/problem/UVA-400
444,572929,38,Online Weekly Practice Contest 1: STL,Weekly Contest,2023-08-02,P,Database,UVA,1592,1800,Hard,Geometry,"geometry, math",https://vjudge.net/contest/572929#problem/P,https://vjudge.net/problem/UVA-1592
445,572929,38,Online Weekly Practice Contest 1: STL,Weekly Contest,2023-08-02,Q,PGA Tour Prize Money,UVA,207,1800,Hard,Geometry,"geometry, math",https://vjudge.net/contest/572929#problem/Q,https://vjudge.net/problem/UVA-207
446,572929,38,Online Weekly Practice Contest 1: STL,Weekly Contest,2023-08-02,R,The Letter Carrier's Rounds,UVA,814,1800,Hard,Geometry,"geometry, math",https://vjudge.net/contest/572929#problem/R,https://vjudge.net/problem/UVA-814
447,572929,38,Online Weekly Practice Contest 1: STL,Weekly Contest,2023-08-02,S,Urban Elevations,UVA,221,1800,Hard,Geometry,"geometry, math",https://vjudge.net/contest/572929#problem/S,https://vjudge.net/problem/UVA-221
448,572929,38,Online Weekly Practice Contest 1: STL,Weekly Contest,2023-08-02,T,Hay Points,UVA,10295,1800,Hard,Geometry,"geometry, math",https://vjudge.net/contest/572929#problem/T,https://vjudge.net/problem/UVA-10295
449,572929,38,Online Weekly Practice Contest 1: STL,Weekly Contest,2023-08-02,U,The Department of Redundancy Department,UVA,484,1800,Hard,Geometry,"geometry, math",https://vjudge.net/contest/572929#problem/U,https://vjudge.net/problem/UVA-484
450,572929,38,Online Weekly Practice Contest 1: STL,Weekly Contest,2023-08-02,V,Babelfish,UVA,10282,1800,Hard,Geometry,"geometry, math",https://vjudge.net/contest/572929#problem/V,https://vjudge.net/problem/UVA-10282
451,572929,38,Online Weekly Practice Contest 1: STL,Weekly Contest,2023-08-02,W,Add All,UVA,10954,1800,Hard,Geometry,"geometry, math",https://vjudge.net/contest/572929#problem/W,https://vjudge.net/problem/UVA-10954
452,572929,38,Online Weekly Practice Contest 1: STL,Weekly Contest,2023-08-02,X,2D-SORT,SPOJ,SORT2D,1800,Hard,Geometry,"geometry, math",https://vjudge.net/contest/572929#problem/X,https://vjudge.net/problem/SPOJ-SORT2D
453,572929,38,Online Weekly Practice Contest 1: STL,Weekly Contest,2023-08-02,Y,FIGUREFUL,SPOJ,ACMCEG2B,1800,Hard,Geometry,"geometry, math",https://vjudge.net/contest/572929#problem/Y,https://vjudge.net/problem/SPOJ-ACMCEG2B
454,572929,38,Online Weekly Practice Contest 1: STL,Weekly Contest,2023-08-02,Z,Pick the candies,SPOJ,ACMCEG2C,1800,Hard,Geometry,"geometry, math",https://vjudge.net/contest/572929#problem/Z,https://vjudge.net/problem/SPOJ-ACMCEG2C
455,572929,38,Online Weekly Practice Contest 1: STL,Weekly Contest,2023-08-02,AA,Largest Rectangle in a Histogram,SPOJ,HISTOGRA,1000,Easy,Geometry,"geometry, math",https://vjudge.net/contest/572929#problem/AA,https://vjudge.net/problem/SPOJ-HISTOGRA
456,572929,38,Online Weekly Practice Contest 1: STL,Weekly Contest,2023-08-02,AB,Transform the Expression,SPOJ,ONP,1000,Easy,Geometry,"geometry, math",https://vjudge.net/contest/572929#problem/AB,https://vjudge.net/problem/SPOJ-ONP
457,572929,38,Online Weekly Practice Contest 1: STL,Weekly Contest,2023-08-02,AC,Discover the Web,LightOJ,1113,1000,Easy,Geometry,"geometry, math",https://vjudge.net/contest/572929#problem/AC,https://vjudge.net/problem/LightOJ-1113
458,572929,38,Online Weekly Practice Contest 1: STL,Weekly Contest,2023-08-02,AD,Double Ended Queue,LightOJ,1212,1000,Easy,Geometry,"geometry, math",https://vjudge.net/contest/572929#problem/AD,https://vjudge.net/problem/LightOJ-1212
459,572929,38,Online Weekly Practice Contest 1: STL,Weekly Contest,2023-08-02,AE,Swappable,AtCoder,abc206_c,845,Easy,Greedy,"greedy, math, binary search",https://vjudge.net/contest/572929#problem/AE,https://vjudge.net/problem/AtCoder-abc206_c
460,572929,38,Online Weekly Practice Contest 1: STL,Weekly Contest,2023-08-02,AF,Berland National Library,CodeForces,567B,1300,Medium,Implementation,implementation,https://vjudge.net/contest/572929#problem/AF,https://vjudge.net/problem/CodeForces-567B
461,572929,38,Online Weekly Practice Contest 1: STL,Weekly Contest,2023-08-02,AG,Robot Collisions,CodeForces,1525C,2000,Expert,Data Structures,"data structures, greedy, implementation, sortings",https://vjudge.net/contest/572929#problem/AG,https://vjudge.net/problem/CodeForces-1525C
462,572929,38,Online Weekly Practice Contest 1: STL,Weekly Contest,2023-08-02,AH,Skyscrapers (hard version),CodeForces,1313C2,1900,Hard,Dynamic Programming,"data structures, dp, greedy",https://vjudge.net/contest/572929#problem/AH,https://vjudge.net/problem/CodeForces-1313C2
463,572929,38,Online Weekly Practice Contest 1: STL,Weekly Contest,2023-08-02,AI,Zookeeper and The Infinite Zoo,CodeForces,1491D,1800,Hard,Dynamic Programming,"bitmasks, constructive algorithms, dp, greedy, math",https://vjudge.net/contest/572929#problem/AI,https://vjudge.net/problem/CodeForces-1491D
464,572929,38,Online Weekly Practice Contest 1: STL,Weekly Contest,2023-08-02,AJ,Epic Transformation,CodeForces,1506D,1400,Medium,Data Structures,"constructive algorithms, data structures, greedy",https://vjudge.net/contest/572929#problem/AJ,https://vjudge.net/problem/CodeForces-1506D
465,572929,38,Online Weekly Practice Contest 1: STL,Weekly Contest,2023-08-02,AK,Changing Array,CodeForces,1054D,1900,Hard,Greedy,"greedy, implementation",https://vjudge.net/contest/572929#problem/AK,https://vjudge.net/problem/CodeForces-1054D
466,572929,38,Online Weekly Practice Contest 1: STL,Weekly Contest,2023-08-02,AL,Compression and Expansion,CodeForces,1523C,1600,Hard,Trees,"brute force, data structures, greedy, implementation, trees",https://vjudge.net/contest/572929#problem/AL,https://vjudge.net/problem/CodeForces-1523C
467,572929,38,Online Weekly Practice Contest 1: STL,Weekly Contest,2023-08-02,AM,Palindrome Pairs,CodeForces,1045I,1600,Hard,Strings,"hashing, strings",https://vjudge.net/contest/572929#problem/AM,https://vjudge.net/problem/CodeForces-1045I
468,574358,39,"Online Weekly Practice Contest 2: Hashing , Trie , Lps",Weekly Contest,2023-08-09,A,A,CodeForces,471D,1800,Hard,Strings,"string suffix structures, strings",https://vjudge.net/contest/574358#problem/A,https://vjudge.net/problem/CodeForces-471D
469,574358,39,"Online Weekly Practice Contest 2: Hashing , Trie , Lps",Weekly Contest,2023-08-09,B,B,UVA,10298,1090,Easy,Geometry,"geometry, math",https://vjudge.net/contest/574358#problem/B,https://vjudge.net/problem/UVA-10298
470,574358,39,"Online Weekly Practice Contest 2: Hashing , Trie , Lps",Weekly Contest,2023-08-09,C,C,CodeForces,1326D2,1800,Hard,Strings,"binary search, greedy, hashing, string suffix structures, strings",https://vjudge.net/contest/574358#problem/C,https://vjudge.net/problem/CodeForces-1326D2
471,574358,39,"Online Weekly Practice Contest 2: Hashing , Trie , Lps",Weekly Contest,2023-08-09,D,D,CodeForces,471E,2700,Expert,Data Structures,"data structures, dsu",https://vjudge.net/contest/574358#problem/D,https://vjudge.net/problem/CodeForces-471E
472,574358,39,"Online Weekly Practice Contest 2: Hashing , Trie , Lps",Weekly Contest,2023-08-09,E,E,URAL,1517,1360,Medium,Geometry,"geometry, math",https://vjudge.net/contest/574358#problem/E,https://vjudge.net/problem/URAL-1517
473,574358,39,"Online Weekly Practice Contest 2: Hashing , Trie , Lps",Weekly Contest,2023-08-09,F,F,CodeForces,1326D1,1500,Medium,Strings,"hashing, string suffix structures, strings",https://vjudge.net/contest/574358#problem/F,https://vjudge.net/problem/CodeForces-1326D1
474,574358,39,"Online Weekly Practice Contest 2: Hashing , Trie , Lps",Weekly Contest,2023-08-09,G,G,UVA,455,1540,Medium,Geometry,"geometry, math",https://vjudge.net/contest/574358#problem/G,https://vjudge.net/problem/UVA-455
475,574358,39,"Online Weekly Practice Contest 2: Hashing , Trie , Lps",Weekly Contest,2023-08-09,H,H,LightOJ,1255,1630,Hard,Geometry,"geometry, math",https://vjudge.net/contest/574358#problem/H,https://vjudge.net/problem/LightOJ-1255
476,574358,39,"Online Weekly Practice Contest 2: Hashing , Trie , Lps",Weekly Contest,2023-08-09,I,I,UVA,11022,1720,Hard,Geometry,"geometry, math",https://vjudge.net/contest/574358#problem/I,https://vjudge.net/problem/UVA-11022
477,574358,39,"Online Weekly Practice Contest 2: Hashing , Trie , Lps",Weekly Contest,2023-08-09,J,J,LightOJ,1258,1800,Hard,Geometry,"geometry, math",https://vjudge.net/contest/574358#problem/J,https://vjudge.net/problem/LightOJ-1258
478,574358,39,"Online Weekly Practice Contest 2: Hashing , Trie , Lps",Weekly Contest,2023-08-09,K,K,UVA,11452,1800,Hard,Geometry,"geometry, math",https://vjudge.net/contest/574358#problem/K,https://vjudge.net/problem/UVA-11452
479,574358,39,"Online Weekly Practice Contest 2: Hashing , Trie , Lps",Weekly Contest,2023-08-09,L,L,SPOJ,ADAPHOTO,1800,Hard,Geometry,"geometry, math",https://vjudge.net/contest/574358#problem/L,https://vjudge.net/problem/SPOJ-ADAPHOTO
480,574358,39,"Online Weekly Practice Contest 2: Hashing , Trie , Lps",Weekly Contest,2023-08-09,M,M,UVA,11019,1800,Hard,Geometry,"geometry, math",https://vjudge.net/contest/574358#problem/M,https://vjudge.net/problem/UVA-11019
481,574358,39,"Online Weekly Practice Contest 2: Hashing , Trie , Lps",Weekly Contest,2023-08-09,N,N,LightOJ,1129,1800,Hard,Geometry,"geometry, math",https://vjudge.net/contest/574358#problem/N,https://vjudge.net/problem/LightOJ-1129
482,574358,39,"Online Weekly Practice Contest 2: Hashing , Trie , Lps",Weekly Contest,2023-08-09,O,O,UVA,11453,1800,Hard,Geometry,"geometry, math",https://vjudge.net/contest/574358#problem/O,https://vjudge.net/problem/UVA-11453
483,574358,39,"Online Weekly Practice Contest 2: Hashing , Trie , Lps",Weekly Contest,2023-08-09,P,P,LightOJ,1224,1800,Hard,Geometry,"geometry, math",https://vjudge.net/contest/574358#problem/P,https://vjudge.net/problem/LightOJ-1224
484,574358,39,"Online Weekly Practice Contest 2: Hashing , Trie , Lps",Weekly Contest,2023-08-09,Q,Q,UVA,11020,1800,Hard,Geometry,"geometry, math",https://vjudge.net/contest/574358#problem/Q,https://vjudge.net/problem/UVA-11020
485,574358,39,"Online Weekly Practice Contest 2: Hashing , Trie , Lps",Weekly Contest,2023-08-09,R,R,CodeForces,271D,1800,Hard,Data Structures,"data structures, strings",https://vjudge.net/contest/574358#problem/R,https://vjudge.net/problem/CodeForces-271D
486,574358,39,"Online Weekly Practice Contest 2: Hashing , Trie , Lps",Weekly Contest,2023-08-09,S,S,UVA,11488,1800,Hard,Geometry,"geometry, math",https://vjudge.net/contest/574358#problem/S,https://vjudge.net/problem/UVA-11488
487,574358,39,"Online Weekly Practice Contest 2: Hashing , Trie , Lps",Weekly Contest,2023-08-09,T,T,CodeForces,7D,2200,Expert,Strings,"hashing, strings",https://vjudge.net/contest/574358#problem/T,https://vjudge.net/problem/CodeForces-7D
488,574358,39,"Online Weekly Practice Contest 2: Hashing , Trie , Lps",Weekly Contest,2023-08-09,U,U,SPOJ,TRYCOMP,1800,Hard,Geometry,"geometry, math",https://vjudge.net/contest/574358#problem/U,https://vjudge.net/problem/SPOJ-TRYCOMP
489,574358,39,"Online Weekly Practice Contest 2: Hashing , Trie , Lps",Weekly Contest,2023-08-09,V,V,CodeForces,126B,1700,Hard,Dynamic Programming,"binary search, dp, hashing, string suffix structures, strings",https://vjudge.net/contest/574358#problem/V,https://vjudge.net/problem/CodeForces-126B
490,574358,39,"Online Weekly Practice Contest 2: Hashing , Trie , Lps",Weekly Contest,2023-08-09,W,W,LightOJ,1114,1800,Hard,Geometry,"geometry, math",https://vjudge.net/contest/574358#problem/W,https://vjudge.net/problem/LightOJ-1114
491,575326,40,Online Weekly Practice Contest 3: Introduction to Segment Tree,Weekly Contest,2023-08-14,A,Dynamic Range Sum Queries,CSES,1648,1200,Medium,Data Structures,"data structures, fenwick tree, segment tree",https://vjudge.net/contest/575326#problem/A,https://vjudge.net/problem/CSES-1648
492,575326,40,Online Weekly Practice Contest 3: Introduction to Segment Tree,Weekly Contest,2023-08-14,B,Dynamic Range Minimum Queries,CSES,1649,1200,Medium,Data Structures,"data structures, segment tree",https://vjudge.net/contest/575326#problem/B,https://vjudge.net/problem/CSES-1649
493,575326,40,Online Weekly Practice Contest 3: Introduction to Segment Tree,Weekly Contest,2023-08-14,C,Range Xor Queries,CSES,1650,1000,Easy,Data Structures,"data structures, prefix sums, bit manipulation",https://vjudge.net/contest/575326#problem/C,https://vjudge.net/problem/CSES-1650
494,575326,40,Online Weekly Practice Contest 3: Introduction to Segment Tree,Weekly Contest,2023-08-14,D,Hotel Queries,CSES,1143,1400,Medium,Data Structures,"data structures, segment tree, binary search",https://vjudge.net/contest/575326#problem/D,https://vjudge.net/problem/CSES-1143
495,575326,40,Online Weekly Practice Contest 3: Introduction to Segment Tree,Weekly Contest,2023-08-14,E,List Removals,CSES,1749,1400,Medium,Data Structures,"data structures, ordered set, segment tree",https://vjudge.net/contest/575326#problem/E,https://vjudge.net/problem/CSES-1749
496,575326,40,Online Weekly Practice Contest 3: Introduction to Segment Tree,Weekly Contest,2023-08-14,F,Salary Queries,CSES,1144,1500,Medium,Data Structures,"data structures, pbds, segment tree",https://vjudge.net/contest/575326#problem/F,https://vjudge.net/problem/CSES-1144
497,575326,40,Online Weekly Practice Contest 3: Introduction to Segment Tree,Weekly Contest,2023-08-14,G,Prefix Sum Queries,CSES,2166,1500,Medium,Data Structures,"data structures, segment tree, prefix sums",https://vjudge.net/contest/575326#problem/G,https://vjudge.net/problem/CSES-2166
498,575326,40,Online Weekly Practice Contest 3: Introduction to Segment Tree,Weekly Contest,2023-08-14,H,Subarray Sum Queries,CSES,1190,1700,Hard,Data Structures,"data structures, segment tree",https://vjudge.net/contest/575326#problem/H,https://vjudge.net/problem/CSES-1190
499,575326,40,Online Weekly Practice Contest 3: Introduction to Segment Tree,Weekly Contest,2023-08-14,I,Can you answer these queries I,SPOJ,GSS1,1720,Hard,Geometry,"geometry, math",https://vjudge.net/contest/575326#problem/I,https://vjudge.net/problem/SPOJ-GSS1
500,575326,40,Online Weekly Practice Contest 3: Introduction to Segment Tree,Weekly Contest,2023-08-14,J,Can you answer these queries III,SPOJ,GSS3,1800,Hard,Geometry,"geometry, math",https://vjudge.net/contest/575326#problem/J,https://vjudge.net/problem/SPOJ-GSS3
501,575326,40,Online Weekly Practice Contest 3: Introduction to Segment Tree,Weekly Contest,2023-08-14,K,Array Queries,LightOJ,1082,1800,Hard,Geometry,"geometry, math",https://vjudge.net/contest/575326#problem/K,https://vjudge.net/problem/LightOJ-1082
502,575326,40,Online Weekly Practice Contest 3: Introduction to Segment Tree,Weekly Contest,2023-08-14,L,Curious Robin Hood,LightOJ,1112,1800,Hard,Geometry,"geometry, math",https://vjudge.net/contest/575326#problem/L,https://vjudge.net/problem/LightOJ-1112
503,575326,40,Online Weekly Practice Contest 3: Introduction to Segment Tree,Weekly Contest,2023-08-14,M,Ghajini,LightOJ,1093,1800,Hard,Geometry,"geometry, math",https://vjudge.net/contest/575326#problem/M,https://vjudge.net/problem/LightOJ-1093
504,575326,40,Online Weekly Practice Contest 3: Introduction to Segment Tree,Weekly Contest,2023-08-14,N,Histogram,LightOJ,1083,1800,Hard,Geometry,"geometry, math",https://vjudge.net/contest/575326#problem/N,https://vjudge.net/problem/LightOJ-1083
505,575326,40,Online Weekly Practice Contest 3: Introduction to Segment Tree,Weekly Contest,2023-08-14,O,Ant colony,CodeForces,474F,2100,Expert,Math & Number Theory,"data structures, math, number theory",https://vjudge.net/contest/575326#problem/O,https://vjudge.net/problem/CodeForces-474F
506,575326,40,Online Weekly Practice Contest 3: Introduction to Segment Tree,Weekly Contest,2023-08-14,P,Frequent values,UVA,11235,1800,Hard,Geometry,"geometry, math",https://vjudge.net/contest/575326#problem/P,https://vjudge.net/problem/UVA-11235
507,575326,40,Online Weekly Practice Contest 3: Introduction to Segment Tree,Weekly Contest,2023-08-14,Q,Xenia and Bit Operations,CodeForces,339D,1700,Hard,Trees,"data structures, trees",https://vjudge.net/contest/575326#problem/Q,https://vjudge.net/problem/CodeForces-339D
508,573796,41,Team Forming Contest 1 [ICPC DHAKA 2023],Team Forming,2023-08-07,A,A,CodeChef,PROC18C,1200,Medium,Implementation,implementation,https://vjudge.net/contest/573796#problem/A,https://vjudge.net/problem/CodeChef-PROC18C
509,573796,41,Team Forming Contest 1 [ICPC DHAKA 2023],Team Forming,2023-08-07,B,B,CodeChef,PROC18E,1310,Medium,Implementation,implementation,https://vjudge.net/contest/573796#problem/B,https://vjudge.net/problem/CodeChef-PROC18E
510,573796,41,Team Forming Contest 1 [ICPC DHAKA 2023],Team Forming,2023-08-07,C,C,CodeChef,ANUTDP,1420,Medium,Implementation,implementation,https://vjudge.net/contest/573796#problem/C,https://vjudge.net/problem/CodeChef-ANUTDP
511,573796,41,Team Forming Contest 1 [ICPC DHAKA 2023],Team Forming,2023-08-07,D,D,CodeForces,271B,1300,Medium,Math & Number Theory,"binary search, brute force, math, number theory",https://vjudge.net/contest/573796#problem/D,https://vjudge.net/problem/CodeForces-271B
512,573796,41,Team Forming Contest 1 [ICPC DHAKA 2023],Team Forming,2023-08-07,E,E,AtCoder,agc008_b,2144,Expert,Implementation,"implementation, basic math",https://vjudge.net/contest/573796#problem/E,https://vjudge.net/problem/AtCoder-agc008_b
513,573796,41,Team Forming Contest 1 [ICPC DHAKA 2023],Team Forming,2023-08-07,F,F,AtCoder,agc008_d,2439,Expert,Dynamic Programming,"dp, graphs, data structures",https://vjudge.net/contest/573796#problem/F,https://vjudge.net/problem/AtCoder-agc008_d
514,573796,41,Team Forming Contest 1 [ICPC DHAKA 2023],Team Forming,2023-08-07,G,G,AtCoder,agc008_a,1312,Medium,Implementation,"implementation, basic math",https://vjudge.net/contest/573796#problem/G,https://vjudge.net/problem/AtCoder-agc008_a
515,573796,41,Team Forming Contest 1 [ICPC DHAKA 2023],Team Forming,2023-08-07,H,H,CodeForces,321D,2900,Expert,Dynamic Programming,"dp, greedy, math",https://vjudge.net/contest/573796#problem/H,https://vjudge.net/problem/CodeForces-321D
516,575430,42,Team Forming Contest 2 [ICPC DHAKA 2023],Team Forming,2023-08-14,A,A,CodeChef,CHEFARRP,1200,Medium,Implementation,implementation,https://vjudge.net/contest/575430#problem/A,https://vjudge.net/problem/CodeChef-CHEFARRP
517,575430,42,Team Forming Contest 2 [ICPC DHAKA 2023],Team Forming,2023-08-14,B,B,CodeChef,CHEFQUE,1310,Medium,Implementation,implementation,https://vjudge.net/contest/575430#problem/B,https://vjudge.net/problem/CodeChef-CHEFQUE
518,575430,42,Team Forming Contest 2 [ICPC DHAKA 2023],Team Forming,2023-08-14,C,C,CodeChef,CHEFKLCS,1420,Medium,Implementation,implementation,https://vjudge.net/contest/575430#problem/C,https://vjudge.net/problem/CodeChef-CHEFKLCS
519,575430,42,Team Forming Contest 2 [ICPC DHAKA 2023],Team Forming,2023-08-14,D,D,CodeChef,CHEFVEC,1530,Medium,Implementation,implementation,https://vjudge.net/contest/575430#problem/D,https://vjudge.net/problem/CodeChef-CHEFVEC
520,575430,42,Team Forming Contest 2 [ICPC DHAKA 2023],Team Forming,2023-08-14,E,E,CodeChef,CHEFTREE,1640,Hard,Implementation,implementation,https://vjudge.net/contest/575430#problem/E,https://vjudge.net/problem/CodeChef-CHEFTREE
521,575430,42,Team Forming Contest 2 [ICPC DHAKA 2023],Team Forming,2023-08-14,F,F,CodeForces,108A,1000,Easy,Strings,"implementation, strings",https://vjudge.net/contest/575430#problem/F,https://vjudge.net/problem/CodeForces-108A
522,575430,42,Team Forming Contest 2 [ICPC DHAKA 2023],Team Forming,2023-08-14,G,G,CodeForces,108B,1400,Medium,Math & Number Theory,"math, sortings",https://vjudge.net/contest/575430#problem/G,https://vjudge.net/problem/CodeForces-108B
523,575430,42,Team Forming Contest 2 [ICPC DHAKA 2023],Team Forming,2023-08-14,H,H,CodeForces,108C,1400,Medium,Implementation,implementation,https://vjudge.net/contest/575430#problem/H,https://vjudge.net/problem/CodeForces-108C
524,576703,43,Team Forming Contest 3 [ICPC DHAKA 2023],Team Forming,2023-08-21,A,A,CodeChef,RNDPAIR,1200,Medium,Implementation,implementation,https://vjudge.net/contest/576703#problem/A,https://vjudge.net/problem/CodeChef-RNDPAIR
525,576703,43,Team Forming Contest 3 [ICPC DHAKA 2023],Team Forming,2023-08-21,B,B,CodeChef,SKIING,1310,Medium,Implementation,implementation,https://vjudge.net/contest/576703#problem/B,https://vjudge.net/problem/CodeChef-SKIING
526,576703,43,Team Forming Contest 3 [ICPC DHAKA 2023],Team Forming,2023-08-21,C,C,CodeChef,PALHAM,1420,Medium,Implementation,implementation,https://vjudge.net/contest/576703#problem/C,https://vjudge.net/problem/CodeChef-PALHAM
527,576703,43,Team Forming Contest 3 [ICPC DHAKA 2023],Team Forming,2023-08-21,D,D,CodeChef,DIGIMU,1530,Medium,Implementation,implementation,https://vjudge.net/contest/576703#problem/D,https://vjudge.net/problem/CodeChef-DIGIMU
528,576703,43,Team Forming Contest 3 [ICPC DHAKA 2023],Team Forming,2023-08-21,E,E,CodeForces,300C,1800,Hard,Math & Number Theory,"brute force, combinatorics",https://vjudge.net/contest/576703#problem/E,https://vjudge.net/problem/CodeForces-300C
529,576703,43,Team Forming Contest 3 [ICPC DHAKA 2023],Team Forming,2023-08-21,F,F,CodeChef,TREEQRS,1750,Hard,Implementation,implementation,https://vjudge.net/contest/576703#problem/F,https://vjudge.net/problem/CodeChef-TREEQRS
530,576703,43,Team Forming Contest 3 [ICPC DHAKA 2023],Team Forming,2023-08-21,G,G,AtCoder,abc118_c,1254,Medium,Greedy,"greedy, math, binary search",https://vjudge.net/contest/576703#problem/G,https://vjudge.net/problem/AtCoder-abc118_c
531,576703,43,Team Forming Contest 3 [ICPC DHAKA 2023],Team Forming,2023-08-21,H,H,CodeForces,528E,3100,Expert,Geometry,"geometry, sortings",https://vjudge.net/contest/576703#problem/H,https://vjudge.net/problem/CodeForces-528E
532,578171,44,Team Forming Contest 4 [ICPC DHAKA 2023],Team Forming,2023-08-28,A,A,CodeChef,SADPAIRS,1200,Medium,Implementation,implementation,https://vjudge.net/contest/578171#problem/A,https://vjudge.net/problem/CodeChef-SADPAIRS
533,578171,44,Team Forming Contest 4 [ICPC DHAKA 2023],Team Forming,2023-08-28,B,B,CodeChef,FOMBRO,1310,Medium,Implementation,implementation,https://vjudge.net/contest/578171#problem/B,https://vjudge.net/problem/CodeChef-FOMBRO
534,578171,44,Team Forming Contest 4 [ICPC DHAKA 2023],Team Forming,2023-08-28,C,C,CodeChef,SUBARRAY,1420,Medium,Implementation,implementation,https://vjudge.net/contest/578171#problem/C,https://vjudge.net/problem/CodeChef-SUBARRAY
535,578171,44,Team Forming Contest 4 [ICPC DHAKA 2023],Team Forming,2023-08-28,D,D,CodeChef,TRISQ,1530,Medium,Implementation,implementation,https://vjudge.net/contest/578171#problem/D,https://vjudge.net/problem/CodeChef-TRISQ
536,578171,44,Team Forming Contest 4 [ICPC DHAKA 2023],Team Forming,2023-08-28,E,E,CodeForces,462C,1400,Medium,Implementation,implementation,https://vjudge.net/contest/578171#problem/E,https://vjudge.net/problem/CodeForces-462C
537,578171,44,Team Forming Contest 4 [ICPC DHAKA 2023],Team Forming,2023-08-28,F,F,AtCoder,abc148_f,1825,Hard,Advanced Algorithms,"advanced algorithms, hard math, hard dp",https://vjudge.net/contest/578171#problem/F,https://vjudge.net/problem/AtCoder-abc148_f
538,578171,44,Team Forming Contest 4 [ICPC DHAKA 2023],Team Forming,2023-08-28,G,G,CodeForces,456D,1400,Medium,Implementation,implementation,https://vjudge.net/contest/578171#problem/G,https://vjudge.net/problem/CodeForces-456D
539,578171,44,Team Forming Contest 4 [ICPC DHAKA 2023],Team Forming,2023-08-28,H,H,AtCoder,abc148_d,864,Easy,Dynamic Programming,"dp, graphs, data structures",https://vjudge.net/contest/578171#problem/H,https://vjudge.net/problem/AtCoder-abc148_d
540,579490,45,Team Forming Contest 5 [ICPC DHAKA 2023](Updated),Team Forming,2023-09-04,A,Ray in the tube,Gym,101911L,1200,Medium,Implementation,implementation,https://vjudge.net/contest/579490#problem/A,https://vjudge.net/problem/Gym-101911L
541,579490,45,Team Forming Contest 5 [ICPC DHAKA 2023](Updated),Team Forming,2023-09-04,B,Bribing Eve,Gym,101174B,1310,Medium,Implementation,implementation,https://vjudge.net/contest/579490#problem/B,https://vjudge.net/problem/Gym-101174B
542,579490,45,Team Forming Contest 5 [ICPC DHAKA 2023](Updated),Team Forming,2023-09-04,C,Sensor network,Gym,101564G,1420,Medium,Implementation,implementation,https://vjudge.net/contest/579490#problem/C,https://vjudge.net/problem/Gym-101564G
543,579490,45,Team Forming Contest 5 [ICPC DHAKA 2023](Updated),Team Forming,2023-09-04,D,Fragmentation,Gym,100531F,1530,Medium,Implementation,implementation,https://vjudge.net/contest/579490#problem/D,https://vjudge.net/problem/Gym-100531F
544,579490,45,Team Forming Contest 5 [ICPC DHAKA 2023](Updated),Team Forming,2023-09-04,E,Buildings and rockets,Gym,102299D,1640,Hard,Implementation,implementation,https://vjudge.net/contest/579490#problem/E,https://vjudge.net/problem/Gym-102299D
545,579490,45,Team Forming Contest 5 [ICPC DHAKA 2023](Updated),Team Forming,2023-09-04,F,Synchronized Subsequence,AtCoder,agc026_e,3164,Expert,Dynamic Programming,dp,https://vjudge.net/contest/579490#problem/F,https://vjudge.net/problem/AtCoder-agc026_e
546,579490,45,Team Forming Contest 5 [ICPC DHAKA 2023](Updated),Team Forming,2023-09-04,G,Colorful Slimes 2,AtCoder,agc026_a,800,Easy,Implementation,"implementation, basic math",https://vjudge.net/contest/579490#problem/G,https://vjudge.net/problem/AtCoder-agc026_a
547,579490,45,Team Forming Contest 5 [ICPC DHAKA 2023](Updated),Team Forming,2023-09-04,H,String Coloring,AtCoder,agc026_c,2156,Expert,Strings,strings,https://vjudge.net/contest/579490#problem/H,https://vjudge.net/problem/AtCoder-agc026_c
548,579545,46,Team Practice Contest for CoU IUPC - 1,Team Practice,2023-09-05,A,"Stephen, Bob, and Tomato's Canvas",Toph,stephen-bob-and-tomato-s-canvas,1100,Easy,Implementation,implementation,https://vjudge.net/contest/579545#problem/A,https://vjudge.net/problem/Toph-stephen-bob-and-tomato-s-canvas
549,579545,46,Team Practice Contest for CoU IUPC - 1,Team Practice,2023-09-05,B,Productive Employees,Toph,productive-employees,1200,Medium,Implementation,implementation,https://vjudge.net/contest/579545#problem/B,https://vjudge.net/problem/Toph-productive-employees
550,579545,46,Team Practice Contest for CoU IUPC - 1,Team Practice,2023-09-05,C,Living on a Prayer,Toph,living-on-a-prayer,1300,Medium,Implementation,implementation,https://vjudge.net/contest/579545#problem/C,https://vjudge.net/problem/Toph-living-on-a-prayer
551,579545,46,Team Practice Contest for CoU IUPC - 1,Team Practice,2023-09-05,D,"Irregular Is Tough, Regular Is Easy!",Toph,irregular-is-tough-regular-is-easy,1400,Medium,Implementation,implementation,https://vjudge.net/contest/579545#problem/D,https://vjudge.net/problem/Toph-irregular-is-tough-regular-is-easy
552,579545,46,Team Practice Contest for CoU IUPC - 1,Team Practice,2023-09-05,E,Hange and Her Gear,Toph,hange-and-her-gear,1500,Medium,Implementation,implementation,https://vjudge.net/contest/579545#problem/E,https://vjudge.net/problem/Toph-hange-and-her-gear
553,579545,46,Team Practice Contest for CoU IUPC - 1,Team Practice,2023-09-05,F,Goku's Tree,Toph,goku-s-tree,1600,Hard,Trees,"trees, dfs and similar",https://vjudge.net/contest/579545#problem/F,https://vjudge.net/problem/Toph-goku-s-tree
554,579545,46,Team Practice Contest for CoU IUPC - 1,Team Practice,2023-09-05,G,String Factory,Toph,string-factory,1700,Hard,Strings,"strings, hashing",https://vjudge.net/contest/579545#problem/G,https://vjudge.net/problem/Toph-string-factory
555,579545,46,Team Practice Contest for CoU IUPC - 1,Team Practice,2023-09-05,H,Mr Max Count Sum,Toph,mr-max-count-sum,1800,Hard,Implementation,implementation,https://vjudge.net/contest/579545#problem/H,https://vjudge.net/problem/Toph-mr-max-count-sum
556,579545,46,Team Practice Contest for CoU IUPC - 1,Team Practice,2023-09-05,I,Cook a Dish,Toph,cook-a-dish,1900,Hard,Implementation,implementation,https://vjudge.net/contest/579545#problem/I,https://vjudge.net/problem/Toph-cook-a-dish
557,579545,46,Team Practice Contest for CoU IUPC - 1,Team Practice,2023-09-05,J,Omae Wa Mou Shindeiru,Toph,omae-wa-mou-shindeiru,2000,Expert,Implementation,implementation,https://vjudge.net/contest/579545#problem/J,https://vjudge.net/problem/Toph-omae-wa-mou-shindeiru
558,579545,46,Team Practice Contest for CoU IUPC - 1,Team Practice,2023-09-05,K,Five Brothers' Kingdom,Toph,five-brothers-kingdom,2100,Expert,Implementation,implementation,https://vjudge.net/contest/579545#problem/K,https://vjudge.net/problem/Toph-five-brothers-kingdom
559,579545,46,Team Practice Contest for CoU IUPC - 1,Team Practice,2023-09-05,L,Snake's Neck,Toph,snake-s-neck,2100,Expert,Implementation,implementation,https://vjudge.net/contest/579545#problem/L,https://vjudge.net/problem/Toph-snake-s-neck
560,579729,47,Team Practice Contest for CoU IUPC - 2,Team Practice,2023-09-06,A,"Game of Tic-Tac-Toe, Again",Toph,game-of-tic-tac-toe-again,1100,Easy,Games & Constructive,"games, constructive algorithms",https://vjudge.net/contest/579729#problem/A,https://vjudge.net/problem/Toph-game-of-tic-tac-toe-again
561,579729,47,Team Practice Contest for CoU IUPC - 2,Team Practice,2023-09-06,B,Superman and the Buildings of Dahaka,Toph,superman-and-the-buildings-of-dahaka,1200,Medium,Implementation,implementation,https://vjudge.net/contest/579729#problem/B,https://vjudge.net/problem/Toph-superman-and-the-buildings-of-dahaka
562,579729,47,Team Practice Contest for CoU IUPC - 2,Team Practice,2023-09-06,C,My Small Number,Toph,my-small-number,1300,Medium,Implementation,implementation,https://vjudge.net/contest/579729#problem/C,https://vjudge.net/problem/Toph-my-small-number
563,579729,47,Team Practice Contest for CoU IUPC - 2,Team Practice,2023-09-06,D,Fashion Show,Toph,fashion-show,1400,Medium,Implementation,implementation,https://vjudge.net/contest/579729#problem/D,https://vjudge.net/problem/Toph-fashion-show
564,579729,47,Team Practice Contest for CoU IUPC - 2,Team Practice,2023-09-06,E,Simple As a Substring!,Toph,simple-as-a-substring,1500,Medium,Strings,"strings, hashing",https://vjudge.net/contest/579729#problem/E,https://vjudge.net/problem/Toph-simple-as-a-substring
565,579729,47,Team Practice Contest for CoU IUPC - 2,Team Practice,2023-09-06,F,"I Scream, You Scream!",Toph,i-scream-you-scream,1600,Hard,Implementation,implementation,https://vjudge.net/contest/579729#problem/F,https://vjudge.net/problem/Toph-i-scream-you-scream
566,579729,47,Team Practice Contest for CoU IUPC - 2,Team Practice,2023-09-06,G,Admission Gift,Toph,admission-gift,1700,Hard,Implementation,implementation,https://vjudge.net/contest/579729#problem/G,https://vjudge.net/problem/Toph-admission-gift
567,579729,47,Team Practice Contest for CoU IUPC - 2,Team Practice,2023-09-06,H,Life Is Dark and Full of Error,Toph,life-is-dark-and-full-of-error,1800,Hard,Implementation,implementation,https://vjudge.net/contest/579729#problem/H,https://vjudge.net/problem/Toph-life-is-dark-and-full-of-error
568,579729,47,Team Practice Contest for CoU IUPC - 2,Team Practice,2023-09-06,I,Unfair Robot Race,Toph,unfair-robot-race,1900,Hard,Implementation,implementation,https://vjudge.net/contest/579729#problem/I,https://vjudge.net/problem/Toph-unfair-robot-race
569,579729,47,Team Practice Contest for CoU IUPC - 2,Team Practice,2023-09-06,J,Palindrome Query I,Toph,palindrome-query-i,2000,Expert,Strings,"strings, hashing",https://vjudge.net/contest/579729#problem/J,https://vjudge.net/problem/Toph-palindrome-query-i
570,579729,47,Team Practice Contest for CoU IUPC - 2,Team Practice,2023-09-06,K,Fantastic Food,Toph,fantastic-food,2100,Expert,Implementation,implementation,https://vjudge.net/contest/579729#problem/K,https://vjudge.net/problem/Toph-fantastic-food
571,579729,47,Team Practice Contest for CoU IUPC - 2,Team Practice,2023-09-06,L,Faisal and His Playgrounds,Toph,faisal-and-his-playgrounds,2100,Expert,Implementation,implementation,https://vjudge.net/contest/579729#problem/L,https://vjudge.net/problem/Toph-faisal-and-his-playgrounds
572,579627,48,Hello World,Special / Practice,2023-09-05,A,Cabbages,AtCoder,abc210_a,800,Easy,Implementation,"implementation, basic math",https://vjudge.net/contest/579627#problem/A,https://vjudge.net/problem/AtCoder-abc210_a
573,579627,48,Hello World,Special / Practice,2023-09-05,B,Find Multiple,AtCoder,abc220_a,800,Easy,Implementation,"implementation, basic math",https://vjudge.net/contest/579627#problem/B,https://vjudge.net/problem/AtCoder-abc220_a
574,579627,48,Hello World,Special / Practice,2023-09-05,C,Repression,AtCoder,abc207_a,800,Easy,Implementation,"implementation, basic math",https://vjudge.net/contest/579627#problem/C,https://vjudge.net/problem/AtCoder-abc207_a
575,579627,48,Hello World,Special / Practice,2023-09-05,D,Shampoo,AtCoder,abc243_a,800,Easy,Implementation,"implementation, basic math",https://vjudge.net/contest/579627#problem/D,https://vjudge.net/problem/AtCoder-abc243_a
576,579627,48,Hello World,Special / Practice,2023-09-05,E,10yen Stamp,AtCoder,abc233_a,800,Easy,Implementation,"implementation, basic math",https://vjudge.net/contest/579627#problem/E,https://vjudge.net/problem/AtCoder-abc233_a
577,579627,48,Hello World,Special / Practice,2023-09-05,F,Last Card,AtCoder,abc227_a,800,Easy,Implementation,"implementation, basic math",https://vjudge.net/contest/579627#problem/F,https://vjudge.net/problem/AtCoder-abc227_a
578,579627,48,Hello World,Special / Practice,2023-09-05,G,Bitwise Exclusive Or,AtCoder,abc213_a,800,Easy,Math & Number Theory,"math, number theory",https://vjudge.net/contest/579627#problem/G,https://vjudge.net/problem/AtCoder-abc213_a
579,579627,48,Hello World,Special / Practice,2023-09-05,H,Four Points,AtCoder,abc246_a,800,Easy,Implementation,"implementation, basic math",https://vjudge.net/contest/579627#problem/H,https://vjudge.net/problem/AtCoder-abc246_a
580,579627,48,Hello World,Special / Practice,2023-09-05,I,Not Overflow,AtCoder,abc237_a,800,Easy,Implementation,"implementation, basic math",https://vjudge.net/contest/579627#problem/I,https://vjudge.net/problem/AtCoder-abc237_a
581,579627,48,Hello World,Special / Practice,2023-09-05,J,T-shirt,AtCoder,abc242_a,800,Easy,Implementation,"implementation, basic math",https://vjudge.net/contest/579627#problem/J,https://vjudge.net/problem/AtCoder-abc242_a
582,582150,49,Team Practice Contest 1 [ICPC Dhaka 2023],Team Practice,2023-09-18,A,Gym Plates,Gym,104493A,1100,Easy,Implementation,implementation,https://vjudge.net/contest/582150#problem/A,https://vjudge.net/problem/Gym-104493A
583,582150,49,Team Practice Contest 1 [ICPC Dhaka 2023],Team Practice,2023-09-18,B,Convarge To 1,Gym,104493B,1200,Medium,Implementation,implementation,https://vjudge.net/contest/582150#problem/B,https://vjudge.net/problem/Gym-104493B
584,582150,49,Team Practice Contest 1 [ICPC Dhaka 2023],Team Practice,2023-09-18,C,Tree Permutation,Gym,104493C,1300,Medium,Trees,"trees, dfs and similar",https://vjudge.net/contest/582150#problem/C,https://vjudge.net/problem/Gym-104493C
585,582150,49,Team Practice Contest 1 [ICPC Dhaka 2023],Team Practice,2023-09-18,D,To Be Named,Gym,104493D,1400,Medium,Implementation,implementation,https://vjudge.net/contest/582150#problem/D,https://vjudge.net/problem/Gym-104493D
586,582150,49,Team Practice Contest 1 [ICPC Dhaka 2023],Team Practice,2023-09-18,E,Sad Teacher,Gym,104493E,1500,Medium,Implementation,implementation,https://vjudge.net/contest/582150#problem/E,https://vjudge.net/problem/Gym-104493E
587,582150,49,Team Practice Contest 1 [ICPC Dhaka 2023],Team Practice,2023-09-18,F,New Board Game,Gym,104493F,1600,Hard,Games & Constructive,"games, constructive algorithms",https://vjudge.net/contest/582150#problem/F,https://vjudge.net/problem/Gym-104493F
588,582150,49,Team Practice Contest 1 [ICPC Dhaka 2023],Team Practice,2023-09-18,G,Don't Make It 2,Gym,104493G,1700,Hard,Implementation,implementation,https://vjudge.net/contest/582150#problem/G,https://vjudge.net/problem/Gym-104493G
589,582150,49,Team Practice Contest 1 [ICPC Dhaka 2023],Team Practice,2023-09-18,H,Yaser In Baradah,Gym,104493H,1800,Hard,Implementation,implementation,https://vjudge.net/contest/582150#problem/H,https://vjudge.net/problem/Gym-104493H
590,582150,49,Team Practice Contest 1 [ICPC Dhaka 2023],Team Practice,2023-09-18,I,Ajam's Password,Gym,104493I,1900,Hard,Implementation,implementation,https://vjudge.net/contest/582150#problem/I,https://vjudge.net/problem/Gym-104493I
591,582150,49,Team Practice Contest 1 [ICPC Dhaka 2023],Team Practice,2023-09-18,J,Completely Balanced,Gym,104493J,2000,Expert,Implementation,implementation,https://vjudge.net/contest/582150#problem/J,https://vjudge.net/problem/Gym-104493J
592,582150,49,Team Practice Contest 1 [ICPC Dhaka 2023],Team Practice,2023-09-18,K,"Sam-Oh, the funny coach",Gym,104493K,2100,Expert,Implementation,implementation,https://vjudge.net/contest/582150#problem/K,https://vjudge.net/problem/Gym-104493K
593,582150,49,Team Practice Contest 1 [ICPC Dhaka 2023],Team Practice,2023-09-18,L,Trip Discount,Gym,104493L,2100,Expert,Implementation,implementation,https://vjudge.net/contest/582150#problem/L,https://vjudge.net/problem/Gym-104493L
594,582150,49,Team Practice Contest 1 [ICPC Dhaka 2023],Team Practice,2023-09-18,M,Ahmad's Dish,Gym,104493M,2100,Expert,Implementation,implementation,https://vjudge.net/contest/582150#problem/M,https://vjudge.net/problem/Gym-104493M
595,582150,49,Team Practice Contest 1 [ICPC Dhaka 2023],Team Practice,2023-09-18,N,Ziftawi's Tree,Gym,104493N,2100,Expert,Trees,"trees, dfs and similar",https://vjudge.net/contest/582150#problem/N,https://vjudge.net/problem/Gym-104493N
596,582857,50,Team Practice Contest 2 [ICPC Dhaka 2023],Team Practice,2023-09-21,A,Salahiano-utiful Arrays,Gym,104468A,1100,Easy,Implementation,implementation,https://vjudge.net/contest/582857#problem/A,https://vjudge.net/problem/Gym-104468A
597,582857,50,Team Practice Contest 2 [ICPC Dhaka 2023],Team Practice,2023-09-21,B,Osama-utiful Components,Gym,104468B,1200,Medium,Graphs,"graphs, dfs and similar",https://vjudge.net/contest/582857#problem/B,https://vjudge.net/problem/Gym-104468B
598,582857,50,Team Practice Contest 2 [ICPC Dhaka 2023],Team Practice,2023-09-21,C,Ammar-utiful Permutations,Gym,104468C,1300,Medium,Implementation,implementation,https://vjudge.net/contest/582857#problem/C,https://vjudge.net/problem/Gym-104468C
599,582857,50,Team Practice Contest 2 [ICPC Dhaka 2023],Team Practice,2023-09-21,D,DBSucks-ugly Array,Gym,104468D,1400,Medium,Implementation,implementation,https://vjudge.net/contest/582857#problem/D,https://vjudge.net/problem/Gym-104468D
600,582857,50,Team Practice Contest 2 [ICPC Dhaka 2023],Team Practice,2023-09-21,E,Tareq-utiful Tree,Gym,104468E,1500,Medium,Trees,"trees, dfs and similar",https://vjudge.net/contest/582857#problem/E,https://vjudge.net/problem/Gym-104468E
601,582857,50,Team Practice Contest 2 [ICPC Dhaka 2023],Team Practice,2023-09-21,F,Resli-utiful Pair,Gym,104468F,1600,Hard,Implementation,implementation,https://vjudge.net/contest/582857#problem/F,https://vjudge.net/problem/Gym-104468F
602,582857,50,Team Practice Contest 2 [ICPC Dhaka 2023],Team Practice,2023-09-21,G,Wael-utiful Array,Gym,104468G,1700,Hard,Implementation,implementation,https://vjudge.net/contest/582857#problem/G,https://vjudge.net/problem/Gym-104468G
603,582857,50,Team Practice Contest 2 [ICPC Dhaka 2023],Team Practice,2023-09-21,H,Ammar-utiful Array,Gym,104468H,1800,Hard,Implementation,implementation,https://vjudge.net/contest/582857#problem/H,https://vjudge.net/problem/Gym-104468H
604,582857,50,Team Practice Contest 2 [ICPC Dhaka 2023],Team Practice,2023-09-21,I,Obada-utiful Graph,Gym,104468I,1900,Hard,Graphs,"graphs, dfs and similar",https://vjudge.net/contest/582857#problem/I,https://vjudge.net/problem/Gym-104468I
605,582857,50,Team Practice Contest 2 [ICPC Dhaka 2023],Team Practice,2023-09-21,J,Elias-utiful Array,Gym,104468J,2000,Expert,Implementation,implementation,https://vjudge.net/contest/582857#problem/J,https://vjudge.net/problem/Gym-104468J
606,582857,50,Team Practice Contest 2 [ICPC Dhaka 2023],Team Practice,2023-09-21,K,Damas-utiful vs Aleppo-utiful,Gym,104468K,2100,Expert,Implementation,implementation,https://vjudge.net/contest/582857#problem/K,https://vjudge.net/problem/Gym-104468K
607,582857,50,Team Practice Contest 2 [ICPC Dhaka 2023],Team Practice,2023-09-21,L,Khaled-utiful Vertices,Gym,104468L,2100,Expert,Implementation,implementation,https://vjudge.net/contest/582857#problem/L,https://vjudge.net/problem/Gym-104468L
608,582857,50,Team Practice Contest 2 [ICPC Dhaka 2023],Team Practice,2023-09-21,M,Resli-utiful Indices,Gym,104468M,2100,Expert,Implementation,implementation,https://vjudge.net/contest/582857#problem/M,https://vjudge.net/problem/Gym-104468M
609,583729,51,Team Practice Contest 3 [ICPC Dhaka 2023],Team Practice,2023-09-25,A,Amusement Park Adventure,Gym,104555A,1100,Easy,Implementation,implementation,https://vjudge.net/contest/583729#problem/A,https://vjudge.net/problem/Gym-104555A
610,583729,51,Team Practice Contest 3 [ICPC Dhaka 2023],Team Practice,2023-09-25,B,Best Fair Shuffles,Gym,104555B,1200,Medium,Implementation,implementation,https://vjudge.net/contest/583729#problem/B,https://vjudge.net/problem/Gym-104555B
611,583729,51,Team Practice Contest 3 [ICPC Dhaka 2023],Team Practice,2023-09-25,C,Challenging Hike,Gym,104555C,1300,Medium,Implementation,implementation,https://vjudge.net/contest/583729#problem/C,https://vjudge.net/problem/Gym-104555C
612,583729,51,Team Practice Contest 3 [ICPC Dhaka 2023],Team Practice,2023-09-25,D,Detour,Gym,104555D,1400,Medium,Implementation,implementation,https://vjudge.net/contest/583729#problem/D,https://vjudge.net/problem/Gym-104555D
613,583729,51,Team Practice Contest 3 [ICPC Dhaka 2023],Team Practice,2023-09-25,E,Extracting Pollen,Gym,104555E,1500,Medium,Implementation,implementation,https://vjudge.net/contest/583729#problem/E,https://vjudge.net/problem/Gym-104555E
614,583729,51,Team Practice Contest 3 [ICPC Dhaka 2023],Team Practice,2023-09-25,F,Fatigue-Fighting Vacation,Gym,104555F,1600,Hard,Implementation,implementation,https://vjudge.net/contest/583729#problem/F,https://vjudge.net/problem/Gym-104555F
615,583729,51,Team Practice Contest 3 [ICPC Dhaka 2023],Team Practice,2023-09-25,G,Great Treaty of Byteland,Gym,104555G,1700,Hard,Implementation,implementation,https://vjudge.net/contest/583729#problem/G,https://vjudge.net/problem/Gym-104555G
616,583729,51,Team Practice Contest 3 [ICPC Dhaka 2023],Team Practice,2023-09-25,H,Honest Worker,Gym,104555H,1800,Hard,Implementation,implementation,https://vjudge.net/contest/583729#problem/H,https://vjudge.net/problem/Gym-104555H
617,583729,51,Team Practice Contest 3 [ICPC Dhaka 2023],Team Practice,2023-09-25,I,Investigating Zeroes and Ones,Gym,104555I,1900,Hard,Implementation,implementation,https://vjudge.net/contest/583729#problem/I,https://vjudge.net/problem/Gym-104555I
618,583729,51,Team Practice Contest 3 [ICPC Dhaka 2023],Team Practice,2023-09-25,J,Jumping to Victory,Gym,104555J,2000,Expert,Implementation,implementation,https://vjudge.net/contest/583729#problem/J,https://vjudge.net/problem/Gym-104555J
619,583729,51,Team Practice Contest 3 [ICPC Dhaka 2023],Team Practice,2023-09-25,K,"$K$ for More, $K$ for Less",Gym,104555K,2100,Expert,Implementation,implementation,https://vjudge.net/contest/583729#problem/K,https://vjudge.net/problem/Gym-104555K
620,583729,51,Team Practice Contest 3 [ICPC Dhaka 2023],Team Practice,2023-09-25,L,Lexicographical Challenge,Gym,104555L,2100,Expert,Graphs,"graphs, dfs and similar",https://vjudge.net/contest/583729#problem/L,https://vjudge.net/problem/Gym-104555L
621,583729,51,Team Practice Contest 3 [ICPC Dhaka 2023],Team Practice,2023-09-25,M,Maximizing Flight Efficiency,Gym,104555M,2100,Expert,Implementation,implementation,https://vjudge.net/contest/583729#problem/M,https://vjudge.net/problem/Gym-104555M
622,584370,52,Weekly Individual Contest 1 [Batch-29],Weekly Contest,2023-09-28,A,A,AtCoder,abc169_a,800,Easy,Implementation,"implementation, basic math",https://vjudge.net/contest/584370#problem/A,https://vjudge.net/problem/AtCoder-abc169_a
623,584370,52,Weekly Individual Contest 1 [Batch-29],Weekly Contest,2023-09-28,B,B,AtCoder,abc116_a,800,Easy,Implementation,"implementation, basic math",https://vjudge.net/contest/584370#problem/B,https://vjudge.net/problem/AtCoder-abc116_a
624,584370,52,Weekly Individual Contest 1 [Batch-29],Weekly Contest,2023-09-28,C,C,AtCoder,hhkb2020_a,800,Easy,Implementation,"implementation, basic math",https://vjudge.net/contest/584370#problem/C,https://vjudge.net/problem/AtCoder-hhkb2020_a
625,584370,52,Weekly Individual Contest 1 [Batch-29],Weekly Contest,2023-09-28,D,D,AtCoder,abc050_a,800,Easy,Implementation,"implementation, basic math",https://vjudge.net/contest/584370#problem/D,https://vjudge.net/problem/AtCoder-abc050_a
626,584370,52,Weekly Individual Contest 1 [Batch-29],Weekly Contest,2023-09-28,E,E,AtCoder,abc137_a,800,Easy,Implementation,"implementation, basic math",https://vjudge.net/contest/584370#problem/E,https://vjudge.net/problem/AtCoder-abc137_a
627,584370,52,Weekly Individual Contest 1 [Batch-29],Weekly Contest,2023-09-28,F,F,AtCoder,abc081_a,800,Easy,Implementation,"implementation, basic math",https://vjudge.net/contest/584370#problem/F,https://vjudge.net/problem/AtCoder-abc081_a
628,584370,52,Weekly Individual Contest 1 [Batch-29],Weekly Contest,2023-09-28,G,G,AtCoder,abc163_b,1200,Medium,Implementation,"implementation, basic math",https://vjudge.net/contest/584370#problem/G,https://vjudge.net/problem/AtCoder-abc163_b
629,584370,52,Weekly Individual Contest 1 [Batch-29],Weekly Contest,2023-09-28,H,H,AtCoder,abc237_b,800,Easy,Implementation,"implementation, basic math",https://vjudge.net/contest/584370#problem/H,https://vjudge.net/problem/AtCoder-abc237_b
630,584370,52,Weekly Individual Contest 1 [Batch-29],Weekly Contest,2023-09-28,I,I,AtCoder,agc025_a,800,Easy,Implementation,"implementation, basic math",https://vjudge.net/contest/584370#problem/I,https://vjudge.net/problem/AtCoder-agc025_a
631,584370,52,Weekly Individual Contest 1 [Batch-29],Weekly Contest,2023-09-28,J,J,AtCoder,apc001_a,892,Easy,Implementation,"implementation, basic math",https://vjudge.net/contest/584370#problem/J,https://vjudge.net/problem/AtCoder-apc001_a
632,584370,52,Weekly Individual Contest 1 [Batch-29],Weekly Contest,2023-09-28,K,K,AtCoder,abc125_c,1598,Medium,Greedy,"greedy, math, binary search",https://vjudge.net/contest/584370#problem/K,https://vjudge.net/problem/AtCoder-abc125_c
633,584371,53,Weekly Individual Contest 1 [Batch-28],Weekly Contest,2023-09-28,A,A,AtCoder,abc163_b,1200,Medium,Implementation,"implementation, basic math",https://vjudge.net/contest/584371#problem/A,https://vjudge.net/problem/AtCoder-abc163_b
634,584371,53,Weekly Individual Contest 1 [Batch-28],Weekly Contest,2023-09-28,B,B,AtCoder,abc237_b,800,Easy,Implementation,"implementation, basic math",https://vjudge.net/contest/584371#problem/B,https://vjudge.net/problem/AtCoder-abc237_b
635,584371,53,Weekly Individual Contest 1 [Batch-28],Weekly Contest,2023-09-28,C,C,AtCoder,agc025_a,800,Easy,Implementation,"implementation, basic math",https://vjudge.net/contest/584371#problem/C,https://vjudge.net/problem/AtCoder-agc025_a
636,584371,53,Weekly Individual Contest 1 [Batch-28],Weekly Contest,2023-09-28,D,D,AtCoder,apc001_a,892,Easy,Implementation,"implementation, basic math",https://vjudge.net/contest/584371#problem/D,https://vjudge.net/problem/AtCoder-apc001_a
637,584371,53,Weekly Individual Contest 1 [Batch-28],Weekly Contest,2023-09-28,E,E,AtCoder,abc125_c,1598,Medium,Greedy,"greedy, math, binary search",https://vjudge.net/contest/584371#problem/E,https://vjudge.net/problem/AtCoder-abc125_c
638,584371,53,Weekly Individual Contest 1 [Batch-28],Weekly Contest,2023-09-28,F,F,AtCoder,abc231_d,1304,Medium,Dynamic Programming,"dp, graphs, data structures",https://vjudge.net/contest/584371#problem/F,https://vjudge.net/problem/AtCoder-abc231_d
639,584371,53,Weekly Individual Contest 1 [Batch-28],Weekly Contest,2023-09-28,G,G,AtCoder,arc138_c,2062,Expert,Greedy,"greedy, math, binary search",https://vjudge.net/contest/584371#problem/G,https://vjudge.net/problem/AtCoder-arc138_c
640,584371,53,Weekly Individual Contest 1 [Batch-28],Weekly Contest,2023-09-28,H,H,AtCoder,agc003_c,1898,Hard,Greedy,"greedy, math, binary search",https://vjudge.net/contest/584371#problem/H,https://vjudge.net/problem/AtCoder-agc003_c
641,584371,53,Weekly Individual Contest 1 [Batch-28],Weekly Contest,2023-09-28,I,I,AtCoder,abc126_e,1722,Hard,Data Structures,"data structures, dp, graphs",https://vjudge.net/contest/584371#problem/I,https://vjudge.net/problem/AtCoder-abc126_e
642,584371,53,Weekly Individual Contest 1 [Batch-28],Weekly Contest,2023-09-28,J,J,AtCoder,abc236_e,2206,Expert,Data Structures,"data structures, dp, graphs",https://vjudge.net/contest/584371#problem/J,https://vjudge.net/problem/AtCoder-abc236_e
643,584373,54,Weekly Individual Contest 1 [Batch-27],Weekly Contest,2023-09-28,A,A,AtCoder,abc163_b,1200,Medium,Implementation,"implementation, basic math",https://vjudge.net/contest/584373#problem/A,https://vjudge.net/problem/AtCoder-abc163_b
644,584373,54,Weekly Individual Contest 1 [Batch-27],Weekly Contest,2023-09-28,B,B,AtCoder,abc237_b,800,Easy,Implementation,"implementation, basic math",https://vjudge.net/contest/584373#problem/B,https://vjudge.net/problem/AtCoder-abc237_b
645,584373,54,Weekly Individual Contest 1 [Batch-27],Weekly Contest,2023-09-28,C,C,AtCoder,agc025_a,800,Easy,Implementation,"implementation, basic math",https://vjudge.net/contest/584373#problem/C,https://vjudge.net/problem/AtCoder-agc025_a
646,584373,54,Weekly Individual Contest 1 [Batch-27],Weekly Contest,2023-09-28,D,D,AtCoder,apc001_a,892,Easy,Implementation,"implementation, basic math",https://vjudge.net/contest/584373#problem/D,https://vjudge.net/problem/AtCoder-apc001_a
647,584373,54,Weekly Individual Contest 1 [Batch-27],Weekly Contest,2023-09-28,E,E,AtCoder,abc125_c,1598,Medium,Greedy,"greedy, math, binary search",https://vjudge.net/contest/584373#problem/E,https://vjudge.net/problem/AtCoder-abc125_c
648,584373,54,Weekly Individual Contest 1 [Batch-27],Weekly Contest,2023-09-28,F,F,CodeForces,1295D,1800,Hard,Math & Number Theory,"math, number theory",https://vjudge.net/contest/584373#problem/F,https://vjudge.net/problem/CodeForces-1295D
649,584373,54,Weekly Individual Contest 1 [Batch-27],Weekly Contest,2023-09-28,G,G,AtCoder,codefestival_2016_final_d,2012,Expert,Dynamic Programming,"dp, graphs, data structures",https://vjudge.net/contest/584373#problem/G,https://vjudge.net/problem/AtCoder-codefestival_2016_final_d
650,584373,54,Weekly Individual Contest 1 [Batch-27],Weekly Contest,2023-09-28,H,H,AtCoder,tenka1_2017_d,2115,Expert,Dynamic Programming,"dp, graphs, data structures",https://vjudge.net/contest/584373#problem/H,https://vjudge.net/problem/AtCoder-tenka1_2017_d
651,584726,55,Team Practice Contest 4 [ICPC Dhaka 2023],Team Practice,2023-09-30,A,Alfajores,Gym,104603A,1100,Easy,Implementation,implementation,https://vjudge.net/contest/584726#problem/A,https://vjudge.net/problem/Gym-104603A
652,584726,55,Team Practice Contest 4 [ICPC Dhaka 2023],Team Practice,2023-09-30,B,Black and white,Gym,104603B,1200,Medium,Implementation,implementation,https://vjudge.net/contest/584726#problem/B,https://vjudge.net/problem/Gym-104603B
653,584726,55,Team Practice Contest 4 [ICPC Dhaka 2023],Team Practice,2023-09-30,C,Chromatic,Gym,104603C,1300,Medium,Implementation,implementation,https://vjudge.net/contest/584726#problem/C,https://vjudge.net/problem/Gym-104603C
654,584726,55,Team Practice Contest 4 [ICPC Dhaka 2023],Team Practice,2023-09-30,D,Assigning problems,Gym,104603D,1400,Medium,Implementation,implementation,https://vjudge.net/contest/584726#problem/D,https://vjudge.net/problem/Gym-104603D
655,584726,55,Team Practice Contest 4 [ICPC Dhaka 2023],Team Practice,2023-09-30,E,Finding progressions,Gym,104603E,1500,Medium,Implementation,implementation,https://vjudge.net/contest/584726#problem/E,https://vjudge.net/problem/Gym-104603E
656,584726,55,Team Practice Contest 4 [ICPC Dhaka 2023],Team Practice,2023-09-30,F,Cold day at the beach,Gym,104603F,1600,Hard,Implementation,implementation,https://vjudge.net/contest/584726#problem/F,https://vjudge.net/problem/Gym-104603F
657,584726,55,Team Practice Contest 4 [ICPC Dhaka 2023],Team Practice,2023-09-30,G,Great Heights,Gym,104603G,1700,Hard,Implementation,implementation,https://vjudge.net/contest/584726#problem/G,https://vjudge.net/problem/Gym-104603G
658,584726,55,Team Practice Contest 4 [ICPC Dhaka 2023],Team Practice,2023-09-30,H,Robotic Skills,Gym,104603H,1800,Hard,Implementation,implementation,https://vjudge.net/contest/584726#problem/H,https://vjudge.net/problem/Gym-104603H
659,584726,55,Team Practice Contest 4 [ICPC Dhaka 2023],Team Practice,2023-09-30,I,Regional Integration,Gym,104603I,1900,Hard,Implementation,implementation,https://vjudge.net/contest/584726#problem/I,https://vjudge.net/problem/Gym-104603I
660,584726,55,Team Practice Contest 4 [ICPC Dhaka 2023],Team Practice,2023-09-30,J,Jester in danger,Gym,104603J,2000,Expert,Implementation,implementation,https://vjudge.net/contest/584726#problem/J,https://vjudge.net/problem/Gym-104603J
661,584726,55,Team Practice Contest 4 [ICPC Dhaka 2023],Team Practice,2023-09-30,K,Kitties,Gym,104603K,2100,Expert,Implementation,implementation,https://vjudge.net/contest/584726#problem/K,https://vjudge.net/problem/Gym-104603K
662,584726,55,Team Practice Contest 4 [ICPC Dhaka 2023],Team Practice,2023-09-30,L,Game series,Gym,104603L,2100,Expert,Games & Constructive,"games, constructive algorithms",https://vjudge.net/contest/584726#problem/L,https://vjudge.net/problem/Gym-104603L
663,584726,55,Team Practice Contest 4 [ICPC Dhaka 2023],Team Practice,2023-09-30,M,Multiple Downloads,Gym,104603M,2100,Expert,Implementation,implementation,https://vjudge.net/contest/584726#problem/M,https://vjudge.net/problem/Gym-104603M
664,584726,55,Team Practice Contest 4 [ICPC Dhaka 2023],Team Practice,2023-09-30,N,Lucky Number,Gym,104603N,2100,Expert,Implementation,implementation,https://vjudge.net/contest/584726#problem/N,https://vjudge.net/problem/Gym-104603N
665,585188,56,Team Practice Contest 5 [ICPC Dhaka 2023],Team Practice,2023-10-02,A,Qualifiers Ranking Rules,Gym,104639A,1100,Easy,Implementation,implementation,https://vjudge.net/contest/585188#problem/A,https://vjudge.net/problem/Gym-104639A
666,585188,56,Team Practice Contest 5 [ICPC Dhaka 2023],Team Practice,2023-10-02,B,String,Gym,104639B,1200,Medium,Strings,"strings, hashing",https://vjudge.net/contest/585188#problem/B,https://vjudge.net/problem/Gym-104639B
667,585188,56,Team Practice Contest 5 [ICPC Dhaka 2023],Team Practice,2023-10-02,C,Multiply Then Plus,Gym,104639C,1300,Medium,Implementation,implementation,https://vjudge.net/contest/585188#problem/C,https://vjudge.net/problem/Gym-104639C
668,585188,56,Team Practice Contest 5 [ICPC Dhaka 2023],Team Practice,2023-10-02,D,Transitivity,Gym,104639D,1400,Medium,Implementation,implementation,https://vjudge.net/contest/585188#problem/D,https://vjudge.net/problem/Gym-104639D
669,585188,56,Team Practice Contest 5 [ICPC Dhaka 2023],Team Practice,2023-10-02,E,Magical Pair,Gym,104639E,1500,Medium,Implementation,implementation,https://vjudge.net/contest/585188#problem/E,https://vjudge.net/problem/Gym-104639E
670,585188,56,Team Practice Contest 5 [ICPC Dhaka 2023],Team Practice,2023-10-02,F,Alice and Bob,Gym,104639F,1600,Hard,Implementation,implementation,https://vjudge.net/contest/585188#problem/F,https://vjudge.net/problem/Gym-104639F
671,585188,56,Team Practice Contest 5 [ICPC Dhaka 2023],Team Practice,2023-10-02,G,Spanning Tree,Gym,104639G,1700,Hard,Trees,"trees, dfs and similar",https://vjudge.net/contest/585188#problem/G,https://vjudge.net/problem/Gym-104639G
672,585188,56,Team Practice Contest 5 [ICPC Dhaka 2023],Team Practice,2023-10-02,H,Range Periodicity Query,Gym,104639H,1800,Hard,Implementation,implementation,https://vjudge.net/contest/585188#problem/H,https://vjudge.net/problem/Gym-104639H
673,585188,56,Team Practice Contest 5 [ICPC Dhaka 2023],Team Practice,2023-10-02,I,Pa?sWorD,Gym,104639I,1900,Hard,Implementation,implementation,https://vjudge.net/contest/585188#problem/I,https://vjudge.net/problem/Gym-104639I
674,585188,56,Team Practice Contest 5 [ICPC Dhaka 2023],Team Practice,2023-10-02,J,Minimum Manhattan Distance,Gym,104639J,2000,Expert,Games & Constructive,"games, constructive algorithms",https://vjudge.net/contest/585188#problem/J,https://vjudge.net/problem/Gym-104639J
675,585188,56,Team Practice Contest 5 [ICPC Dhaka 2023],Team Practice,2023-10-02,K,Minimum Euclidean Distance,Gym,104639K,2100,Expert,Games & Constructive,"games, constructive algorithms",https://vjudge.net/contest/585188#problem/K,https://vjudge.net/problem/Gym-104639K
676,585188,56,Team Practice Contest 5 [ICPC Dhaka 2023],Team Practice,2023-10-02,L,KaChang!,Gym,104639L,2100,Expert,Implementation,implementation,https://vjudge.net/contest/585188#problem/L,https://vjudge.net/problem/Gym-104639L
677,585741,57,Weekly Individual Contest 2 [Batch-29],Weekly Contest,2023-10-05,A,A,AtCoder,abc161_a,800,Easy,Implementation,"implementation, basic math",https://vjudge.net/contest/585741#problem/A,https://vjudge.net/problem/AtCoder-abc161_a
678,585741,57,Weekly Individual Contest 2 [Batch-29],Weekly Contest,2023-10-05,B,B,AtCoder,practice_1,1100,Easy,Implementation,implementation,https://vjudge.net/contest/585741#problem/B,https://vjudge.net/problem/AtCoder-practice_1
679,585741,57,Weekly Individual Contest 2 [Batch-29],Weekly Contest,2023-10-05,C,C,AtCoder,abc175_a,800,Easy,Implementation,"implementation, basic math",https://vjudge.net/contest/585741#problem/C,https://vjudge.net/problem/AtCoder-abc175_a
680,585741,57,Weekly Individual Contest 2 [Batch-29],Weekly Contest,2023-10-05,D,D,CodeForces,214A,800,Easy,Implementation,brute force,https://vjudge.net/contest/585741#problem/D,https://vjudge.net/problem/CodeForces-214A
681,585741,57,Weekly Individual Contest 2 [Batch-29],Weekly Contest,2023-10-05,E,E,AtCoder,abc319_a,800,Easy,Implementation,"implementation, basic math",https://vjudge.net/contest/585741#problem/E,https://vjudge.net/problem/AtCoder-abc319_a
682,585741,57,Weekly Individual Contest 2 [Batch-29],Weekly Contest,2023-10-05,F,F,AtCoder,abc172_b,800,Easy,Implementation,"implementation, basic math",https://vjudge.net/contest/585741#problem/F,https://vjudge.net/problem/AtCoder-abc172_b
683,585741,57,Weekly Individual Contest 2 [Batch-29],Weekly Contest,2023-10-05,G,G,AtCoder,abc317_a,800,Easy,Implementation,"implementation, basic math",https://vjudge.net/contest/585741#problem/G,https://vjudge.net/problem/AtCoder-abc317_a
684,585741,57,Weekly Individual Contest 2 [Batch-29],Weekly Contest,2023-10-05,H,H,AtCoder,m_solutions2020_b,800,Easy,Implementation,"implementation, basic math",https://vjudge.net/contest/585741#problem/H,https://vjudge.net/problem/AtCoder-m_solutions2020_b
685,585741,57,Weekly Individual Contest 2 [Batch-29],Weekly Contest,2023-10-05,I,I,AtCoder,abc096_b,800,Easy,Implementation,"implementation, basic math",https://vjudge.net/contest/585741#problem/I,https://vjudge.net/problem/AtCoder-abc096_b
686,585741,57,Weekly Individual Contest 2 [Batch-29],Weekly Contest,2023-10-05,J,J,AtCoder,abc208_b,800,Easy,Implementation,"implementation, basic math",https://vjudge.net/contest/585741#problem/J,https://vjudge.net/problem/AtCoder-abc208_b
687,585741,57,Weekly Individual Contest 2 [Batch-29],Weekly Contest,2023-10-05,K,K,AtCoder,abc117_c,1232,Medium,Greedy,"greedy, math, binary search",https://vjudge.net/contest/585741#problem/K,https://vjudge.net/problem/AtCoder-abc117_c
688,585741,57,Weekly Individual Contest 2 [Batch-29],Weekly Contest,2023-10-05,L,L,AtCoder,arc129_a,1304,Medium,Implementation,"implementation, basic math",https://vjudge.net/contest/585741#problem/L,https://vjudge.net/problem/AtCoder-arc129_a
689,585742,58,Weekly Individual Contest 2 [Batch-28],Weekly Contest,2023-10-05,A,A,AtCoder,abc317_a,800,Easy,Implementation,"implementation, basic math",https://vjudge.net/contest/585742#problem/A,https://vjudge.net/problem/AtCoder-abc317_a
690,585742,58,Weekly Individual Contest 2 [Batch-28],Weekly Contest,2023-10-05,B,B,AtCoder,m_solutions2020_b,800,Easy,Implementation,"implementation, basic math",https://vjudge.net/contest/585742#problem/B,https://vjudge.net/problem/AtCoder-m_solutions2020_b
691,585742,58,Weekly Individual Contest 2 [Batch-28],Weekly Contest,2023-10-05,C,C,AtCoder,abc096_b,800,Easy,Implementation,"implementation, basic math",https://vjudge.net/contest/585742#problem/C,https://vjudge.net/problem/AtCoder-abc096_b
692,585742,58,Weekly Individual Contest 2 [Batch-28],Weekly Contest,2023-10-05,D,D,AtCoder,abc208_b,800,Easy,Implementation,"implementation, basic math",https://vjudge.net/contest/585742#problem/D,https://vjudge.net/problem/AtCoder-abc208_b
693,585742,58,Weekly Individual Contest 2 [Batch-28],Weekly Contest,2023-10-05,E,E,AtCoder,abc117_c,1232,Medium,Greedy,"greedy, math, binary search",https://vjudge.net/contest/585742#problem/E,https://vjudge.net/problem/AtCoder-abc117_c
694,585742,58,Weekly Individual Contest 2 [Batch-28],Weekly Contest,2023-10-05,F,F,AtCoder,arc129_a,1304,Medium,Implementation,"implementation, basic math",https://vjudge.net/contest/585742#problem/F,https://vjudge.net/problem/AtCoder-arc129_a
695,585742,58,Weekly Individual Contest 2 [Batch-28],Weekly Contest,2023-10-05,G,G,AtCoder,abc212_d,1334,Medium,Dynamic Programming,"dp, graphs, data structures",https://vjudge.net/contest/585742#problem/G,https://vjudge.net/problem/AtCoder-abc212_d
696,585742,58,Weekly Individual Contest 2 [Batch-28],Weekly Contest,2023-10-05,H,H,AtCoder,abc195_d,1441,Medium,Dynamic Programming,"dp, graphs, data structures",https://vjudge.net/contest/585742#problem/H,https://vjudge.net/problem/AtCoder-abc195_d
697,585742,58,Weekly Individual Contest 2 [Batch-28],Weekly Contest,2023-10-05,I,I,AtCoder,abc174_e,1624,Hard,Data Structures,"data structures, dp, graphs",https://vjudge.net/contest/585742#problem/I,https://vjudge.net/problem/AtCoder-abc174_e
698,585742,58,Weekly Individual Contest 2 [Batch-28],Weekly Contest,2023-10-05,J,J,Gym,102644C,1800,Hard,Implementation,implementation,https://vjudge.net/contest/585742#problem/J,https://vjudge.net/problem/Gym-102644C
699,585742,58,Weekly Individual Contest 2 [Batch-28],Weekly Contest,2023-10-05,K,K,AtCoder,abc223_d,1518,Medium,Dynamic Programming,"dp, graphs, data structures",https://vjudge.net/contest/585742#problem/K,https://vjudge.net/problem/AtCoder-abc223_d
700,585742,58,Weekly Individual Contest 2 [Batch-28],Weekly Contest,2023-10-05,L,L,AtCoder,abc284_f,1928,Hard,Advanced Algorithms,"advanced algorithms, hard math, hard dp",https://vjudge.net/contest/585742#problem/L,https://vjudge.net/problem/AtCoder-abc284_f
701,585743,59,Weekly Individual Contest 2 [Batch-27],Weekly Contest,2023-10-05,A,A,AtCoder,abc208_b,800,Easy,Implementation,"implementation, basic math",https://vjudge.net/contest/585743#problem/A,https://vjudge.net/problem/AtCoder-abc208_b
702,585743,59,Weekly Individual Contest 2 [Batch-27],Weekly Contest,2023-10-05,B,B,AtCoder,abc117_c,1232,Medium,Greedy,"greedy, math, binary search",https://vjudge.net/contest/585743#problem/B,https://vjudge.net/problem/AtCoder-abc117_c
703,585743,59,Weekly Individual Contest 2 [Batch-27],Weekly Contest,2023-10-05,C,C,AtCoder,arc129_a,1304,Medium,Implementation,"implementation, basic math",https://vjudge.net/contest/585743#problem/C,https://vjudge.net/problem/AtCoder-arc129_a
704,585743,59,Weekly Individual Contest 2 [Batch-27],Weekly Contest,2023-10-05,D,D,AtCoder,abc212_d,1334,Medium,Dynamic Programming,"dp, graphs, data structures",https://vjudge.net/contest/585743#problem/D,https://vjudge.net/problem/AtCoder-abc212_d
705,585743,59,Weekly Individual Contest 2 [Batch-27],Weekly Contest,2023-10-05,E,E,AtCoder,abc195_d,1441,Medium,Dynamic Programming,"dp, graphs, data structures",https://vjudge.net/contest/585743#problem/E,https://vjudge.net/problem/AtCoder-abc195_d
706,585743,59,Weekly Individual Contest 2 [Batch-27],Weekly Contest,2023-10-05,F,F,AtCoder,abc174_e,1624,Hard,Data Structures,"data structures, dp, graphs",https://vjudge.net/contest/585743#problem/F,https://vjudge.net/problem/AtCoder-abc174_e
707,585743,59,Weekly Individual Contest 2 [Batch-27],Weekly Contest,2023-10-05,G,G,Gym,102644C,1540,Medium,Implementation,implementation,https://vjudge.net/contest/585743#problem/G,https://vjudge.net/problem/Gym-102644C
708,585743,59,Weekly Individual Contest 2 [Batch-27],Weekly Contest,2023-10-05,H,H,AtCoder,abc223_d,1518,Medium,Dynamic Programming,"dp, graphs, data structures",https://vjudge.net/contest/585743#problem/H,https://vjudge.net/problem/AtCoder-abc223_d
709,585743,59,Weekly Individual Contest 2 [Batch-27],Weekly Contest,2023-10-05,I,I,AtCoder,abc284_f,1928,Hard,Advanced Algorithms,"advanced algorithms, hard math, hard dp",https://vjudge.net/contest/585743#problem/I,https://vjudge.net/problem/AtCoder-abc284_f
710,585743,59,Weekly Individual Contest 2 [Batch-27],Weekly Contest,2023-10-05,J,J,AtCoder,abc267_f,2247,Expert,Advanced Algorithms,"advanced algorithms, hard math, hard dp",https://vjudge.net/contest/585743#problem/J,https://vjudge.net/problem/AtCoder-abc267_f
711,585743,59,Weekly Individual Contest 2 [Batch-27],Weekly Contest,2023-10-05,K,K,Gym,102644F,1800,Hard,Implementation,implementation,https://vjudge.net/contest/585743#problem/K,https://vjudge.net/problem/Gym-102644F
712,585744,60,Weekly Individual Contest 2 [Seniors],Weekly Contest,2023-10-05,A,Index,Gym,102644G,1000,Easy,Implementation,implementation,https://vjudge.net/contest/585744#problem/A,https://vjudge.net/problem/Gym-102644G
713,585744,60,Weekly Individual Contest 2 [Seniors],Weekly Contest,2023-10-05,B,Dictionary,Kattis,doublets,1090,Easy,Implementation,implementation,https://vjudge.net/contest/585744#problem/B,https://vjudge.net/problem/Kattis-doublets
714,585744,60,Weekly Individual Contest 2 [Seniors],Weekly Contest,2023-10-05,C,Fire,Kattis,skogsbrand,1180,Easy,Implementation,implementation,https://vjudge.net/contest/585744#problem/C,https://vjudge.net/problem/Kattis-skogsbrand
715,585744,60,Weekly Individual Contest 2 [Seniors],Weekly Contest,2023-10-05,D,Tree,Kattis,lcmtree,1270,Medium,Trees,"trees, dfs and similar",https://vjudge.net/contest/585744#problem/D,https://vjudge.net/problem/Kattis-lcmtree
716,586074,61,Team Practice Contest 6 [ICPC Dhaka 2023],Team Practice,2023-10-07,A,"Stop, Yesterday Please No More",Gym,104128A,1100,Easy,Implementation,implementation,https://vjudge.net/contest/586074#problem/A,https://vjudge.net/problem/Gym-104128A
717,586074,61,Team Practice Contest 6 [ICPC Dhaka 2023],Team Practice,2023-10-07,B,Ropeway,Gym,104128B,1200,Medium,Implementation,implementation,https://vjudge.net/contest/586074#problem/B,https://vjudge.net/problem/Gym-104128B
718,586074,61,Team Practice Contest 6 [ICPC Dhaka 2023],Team Practice,2023-10-07,C,Fabulous Fungus Frenzy,Gym,104128C,1300,Medium,Implementation,implementation,https://vjudge.net/contest/586074#problem/C,https://vjudge.net/problem/Gym-104128C
719,586074,61,Team Practice Contest 6 [ICPC Dhaka 2023],Team Practice,2023-10-07,D,Chat Program,Gym,104128D,1400,Medium,Implementation,implementation,https://vjudge.net/contest/586074#problem/D,https://vjudge.net/problem/Gym-104128D
720,586074,61,Team Practice Contest 6 [ICPC Dhaka 2023],Team Practice,2023-10-07,E,Color the Tree,Gym,104128E,1500,Medium,Trees,"trees, dfs and similar",https://vjudge.net/contest/586074#problem/E,https://vjudge.net/problem/Gym-104128E
721,586074,61,Team Practice Contest 6 [ICPC Dhaka 2023],Team Practice,2023-10-07,F,Triangles,Gym,104128F,1600,Hard,Geometry,"geometry, math",https://vjudge.net/contest/586074#problem/F,https://vjudge.net/problem/Gym-104128F
722,586074,61,Team Practice Contest 6 [ICPC Dhaka 2023],Team Practice,2023-10-07,G,Inscryption,Gym,104128G,1700,Hard,Implementation,implementation,https://vjudge.net/contest/586074#problem/G,https://vjudge.net/problem/Gym-104128G
723,586074,61,Team Practice Contest 6 [ICPC Dhaka 2023],Team Practice,2023-10-07,H,Factories Once More,Gym,104128H,1800,Hard,Math & Number Theory,"number theory, math",https://vjudge.net/contest/586074#problem/H,https://vjudge.net/problem/Gym-104128H
724,586074,61,Team Practice Contest 6 [ICPC Dhaka 2023],Team Practice,2023-10-07,I,Perfect Palindrome,Gym,104128I,1900,Hard,Strings,"strings, hashing",https://vjudge.net/contest/586074#problem/I,https://vjudge.net/problem/Gym-104128I
725,586074,61,Team Practice Contest 6 [ICPC Dhaka 2023],Team Practice,2023-10-07,J,Perfect Matching,Gym,104128J,2000,Expert,Implementation,implementation,https://vjudge.net/contest/586074#problem/J,https://vjudge.net/problem/Gym-104128J
726,586074,61,Team Practice Contest 6 [ICPC Dhaka 2023],Team Practice,2023-10-07,K,NaN in a Heap,Gym,104128K,2100,Expert,Implementation,implementation,https://vjudge.net/contest/586074#problem/K,https://vjudge.net/problem/Gym-104128K
727,586074,61,Team Practice Contest 6 [ICPC Dhaka 2023],Team Practice,2023-10-07,L,Proposition Composition,Gym,104128L,2100,Expert,Implementation,implementation,https://vjudge.net/contest/586074#problem/L,https://vjudge.net/problem/Gym-104128L
728,586074,61,Team Practice Contest 6 [ICPC Dhaka 2023],Team Practice,2023-10-07,M,Drain the Water Tank,Gym,104128M,2100,Expert,Implementation,implementation,https://vjudge.net/contest/586074#problem/M,https://vjudge.net/problem/Gym-104128M
729,586656,62,Team Practice Contest 7 [ICPC Dhaka 2023],Team Practice,2023-10-09,A,Antenna Analysis,Kattis,antennaanalysis,1100,Easy,Implementation,implementation,https://vjudge.net/contest/586656#problem/A,https://vjudge.net/problem/Kattis-antennaanalysis
730,586656,62,Team Practice Contest 7 [ICPC Dhaka 2023],Team Practice,2023-10-09,B,Breaking Bars,Kattis,breakingbars,1200,Medium,Implementation,implementation,https://vjudge.net/contest/586656#problem/B,https://vjudge.net/problem/Kattis-breakingbars
731,586656,62,Team Practice Contest 7 [ICPC Dhaka 2023],Team Practice,2023-10-09,C,Customs Controls,Kattis,customscontrols,1300,Medium,Implementation,implementation,https://vjudge.net/contest/586656#problem/C,https://vjudge.net/problem/Kattis-customscontrols
732,586656,62,Team Practice Contest 7 [ICPC Dhaka 2023],Team Practice,2023-10-09,D,Deceptive Directions,Kattis,deceptivedirections,1400,Medium,Implementation,implementation,https://vjudge.net/contest/586656#problem/D,https://vjudge.net/problem/Kattis-deceptivedirections
733,586656,62,Team Practice Contest 7 [ICPC Dhaka 2023],Team Practice,2023-10-09,E,Eavesdropper Evasion,Kattis,eavesdropperevasion,1500,Medium,Implementation,implementation,https://vjudge.net/contest/586656#problem/E,https://vjudge.net/problem/Kattis-eavesdropperevasion
734,586656,62,Team Practice Contest 7 [ICPC Dhaka 2023],Team Practice,2023-10-09,F,Fortune From Folly,Kattis,fortunefromfolly,1600,Hard,Implementation,implementation,https://vjudge.net/contest/586656#problem/F,https://vjudge.net/problem/Kattis-fortunefromfolly
735,586656,62,Team Practice Contest 7 [ICPC Dhaka 2023],Team Practice,2023-10-09,G,Grazed Grains,Kattis,grazedgrains,1700,Hard,Implementation,implementation,https://vjudge.net/contest/586656#problem/G,https://vjudge.net/problem/Kattis-grazedgrains
736,586656,62,Team Practice Contest 7 [ICPC Dhaka 2023],Team Practice,2023-10-09,H,Hiring Help,Kattis,hiringhelp,1800,Hard,Implementation,implementation,https://vjudge.net/contest/586656#problem/H,https://vjudge.net/problem/Kattis-hiringhelp
737,586656,62,Team Practice Contest 7 [ICPC Dhaka 2023],Team Practice,2023-10-09,I,Intact Intervals,Kattis,intactintervals,1900,Hard,Implementation,implementation,https://vjudge.net/contest/586656#problem/I,https://vjudge.net/problem/Kattis-intactintervals
738,586656,62,Team Practice Contest 7 [ICPC Dhaka 2023],Team Practice,2023-10-09,J,Joint Jog Jam,Kattis,jointjogjam,2000,Expert,Implementation,implementation,https://vjudge.net/contest/586656#problem/J,https://vjudge.net/problem/Kattis-jointjogjam
739,586656,62,Team Practice Contest 7 [ICPC Dhaka 2023],Team Practice,2023-10-09,K,Knot Knowledge,Kattis,knotknowledge,2100,Expert,Implementation,implementation,https://vjudge.net/contest/586656#problem/K,https://vjudge.net/problem/Kattis-knotknowledge
740,586656,62,Team Practice Contest 7 [ICPC Dhaka 2023],Team Practice,2023-10-09,L,Locust Locus,Kattis,locustlocus,2100,Expert,Implementation,implementation,https://vjudge.net/contest/586656#problem/L,https://vjudge.net/problem/Kattis-locustlocus
741,586656,62,Team Practice Contest 7 [ICPC Dhaka 2023],Team Practice,2023-10-09,M,Marvelous Marathon,Kattis,marvelousmarathon,2100,Expert,Implementation,implementation,https://vjudge.net/contest/586656#problem/M,https://vjudge.net/problem/Kattis-marvelousmarathon
742,588540,63,Weekly Individual Contest 3 [Batch-29],Weekly Contest,2023-10-19,A,A,Kattis,hello,1000,Easy,Implementation,implementation,https://vjudge.net/contest/588540#problem/A,https://vjudge.net/problem/Kattis-hello
743,588540,63,Weekly Individual Contest 3 [Batch-29],Weekly Contest,2023-10-19,B,B,AtCoder,abc170_a,800,Easy,Implementation,"implementation, basic math",https://vjudge.net/contest/588540#problem/B,https://vjudge.net/problem/AtCoder-abc170_a
744,588540,63,Weekly Individual Contest 3 [Batch-29],Weekly Contest,2023-10-19,C,C,Gym,104679A,1180,Easy,Implementation,implementation,https://vjudge.net/contest/588540#problem/C,https://vjudge.net/problem/Gym-104679A
745,588540,63,Weekly Individual Contest 3 [Batch-29],Weekly Contest,2023-10-19,D,D,CodeForces,1692A,800,Easy,Implementation,implementation,https://vjudge.net/contest/588540#problem/D,https://vjudge.net/problem/CodeForces-1692A
746,588540,63,Weekly Individual Contest 3 [Batch-29],Weekly Contest,2023-10-19,E,E,Kattis,numberfun,1360,Medium,Implementation,implementation,https://vjudge.net/contest/588540#problem/E,https://vjudge.net/problem/Kattis-numberfun
747,588540,63,Weekly Individual Contest 3 [Batch-29],Weekly Contest,2023-10-19,F,F,Kattis,fizzbuzz,1450,Medium,Implementation,implementation,https://vjudge.net/contest/588540#problem/F,https://vjudge.net/problem/Kattis-fizzbuzz
748,588540,63,Weekly Individual Contest 3 [Batch-29],Weekly Contest,2023-10-19,G,G,CodeForces,822A,800,Easy,Math & Number Theory,"implementation, math, number theory",https://vjudge.net/contest/588540#problem/G,https://vjudge.net/problem/CodeForces-822A
749,588540,63,Weekly Individual Contest 3 [Batch-29],Weekly Contest,2023-10-19,H,H,Kattis,runlengthencodingrun,1630,Hard,Implementation,implementation,https://vjudge.net/contest/588540#problem/H,https://vjudge.net/problem/Kattis-runlengthencodingrun
750,588540,63,Weekly Individual Contest 3 [Batch-29],Weekly Contest,2023-10-19,I,I,Kattis,printingcosts,1720,Hard,Implementation,implementation,https://vjudge.net/contest/588540#problem/I,https://vjudge.net/problem/Kattis-printingcosts
751,588540,63,Weekly Individual Contest 3 [Batch-29],Weekly Contest,2023-10-19,J,J,AtCoder,abc312_c,1304,Medium,Greedy,"greedy, math, binary search",https://vjudge.net/contest/588540#problem/J,https://vjudge.net/problem/AtCoder-abc312_c
752,588540,63,Weekly Individual Contest 3 [Batch-29],Weekly Contest,2023-10-19,K,K,AtCoder,abc179_c,996,Easy,Greedy,"greedy, math, binary search",https://vjudge.net/contest/588540#problem/K,https://vjudge.net/problem/AtCoder-abc179_c
753,588540,63,Weekly Individual Contest 3 [Batch-29],Weekly Contest,2023-10-19,L,L,AtCoder,abc160_e,1498,Medium,Data Structures,"data structures, dp, graphs",https://vjudge.net/contest/588540#problem/L,https://vjudge.net/problem/AtCoder-abc160_e
754,588560,64,Weekly Individual Contest 3 [Batch-28],Weekly Contest,2023-10-19,A,A,CodeForces,822A,800,Easy,Math & Number Theory,"implementation, math, number theory",https://vjudge.net/contest/588560#problem/A,https://vjudge.net/problem/CodeForces-822A
755,588560,64,Weekly Individual Contest 3 [Batch-28],Weekly Contest,2023-10-19,B,B,Kattis,runlengthencodingrun,1090,Easy,Implementation,implementation,https://vjudge.net/contest/588560#problem/B,https://vjudge.net/problem/Kattis-runlengthencodingrun
756,588560,64,Weekly Individual Contest 3 [Batch-28],Weekly Contest,2023-10-19,C,C,Kattis,printingcosts,1180,Easy,Implementation,implementation,https://vjudge.net/contest/588560#problem/C,https://vjudge.net/problem/Kattis-printingcosts
757,588560,64,Weekly Individual Contest 3 [Batch-28],Weekly Contest,2023-10-19,D,D,AtCoder,abc312_c,1304,Medium,Greedy,"greedy, math, binary search",https://vjudge.net/contest/588560#problem/D,https://vjudge.net/problem/AtCoder-abc312_c
758,588560,64,Weekly Individual Contest 3 [Batch-28],Weekly Contest,2023-10-19,E,E,AtCoder,abc179_c,996,Easy,Greedy,"greedy, math, binary search",https://vjudge.net/contest/588560#problem/E,https://vjudge.net/problem/AtCoder-abc179_c
759,588560,64,Weekly Individual Contest 3 [Batch-28],Weekly Contest,2023-10-19,F,F,AtCoder,abc160_e,1498,Medium,Data Structures,"data structures, dp, graphs",https://vjudge.net/contest/588560#problem/F,https://vjudge.net/problem/AtCoder-abc160_e
760,588560,64,Weekly Individual Contest 3 [Batch-28],Weekly Contest,2023-10-19,G,G,CodeForces,547B,1900,Hard,Dynamic Programming,"binary search, data structures, dp, dsu",https://vjudge.net/contest/588560#problem/G,https://vjudge.net/problem/CodeForces-547B
761,588560,64,Weekly Individual Contest 3 [Batch-28],Weekly Contest,2023-10-19,H,H,Gym,104679F,1630,Hard,Implementation,implementation,https://vjudge.net/contest/588560#problem/H,https://vjudge.net/problem/Gym-104679F
762,588561,65,Weekly Individual Contest 3 [Batch-27],Weekly Contest,2023-10-19,A,A,AtCoder,abc312_c,1304,Medium,Greedy,"greedy, math, binary search",https://vjudge.net/contest/588561#problem/A,https://vjudge.net/problem/AtCoder-abc312_c
763,588561,65,Weekly Individual Contest 3 [Batch-27],Weekly Contest,2023-10-19,B,B,AtCoder,abc179_c,996,Easy,Greedy,"greedy, math, binary search",https://vjudge.net/contest/588561#problem/B,https://vjudge.net/problem/AtCoder-abc179_c
764,588561,65,Weekly Individual Contest 3 [Batch-27],Weekly Contest,2023-10-19,C,C,AtCoder,abc160_e,1498,Medium,Data Structures,"data structures, dp, graphs",https://vjudge.net/contest/588561#problem/C,https://vjudge.net/problem/AtCoder-abc160_e
765,588561,65,Weekly Individual Contest 3 [Batch-27],Weekly Contest,2023-10-19,D,D,CodeForces,547B,1900,Hard,Dynamic Programming,"binary search, data structures, dp, dsu",https://vjudge.net/contest/588561#problem/D,https://vjudge.net/problem/CodeForces-547B
766,588561,65,Weekly Individual Contest 3 [Batch-27],Weekly Contest,2023-10-19,E,E,Gym,102951C,1360,Medium,Implementation,implementation,https://vjudge.net/contest/588561#problem/E,https://vjudge.net/problem/Gym-102951C
767,588561,65,Weekly Individual Contest 3 [Batch-27],Weekly Contest,2023-10-19,F,F,CodeForces,1056E,2100,Expert,Data Structures,"brute force, data structures, hashing, strings",https://vjudge.net/contest/588561#problem/F,https://vjudge.net/problem/CodeForces-1056E
768,588561,65,Weekly Individual Contest 3 [Batch-27],Weekly Contest,2023-10-19,G,G,CSES,1734,1700,Hard,Data Structures,"data structures, fenwick tree, offline queries",https://vjudge.net/contest/588561#problem/G,https://vjudge.net/problem/CSES-1734
769,588561,65,Weekly Individual Contest 3 [Batch-27],Weekly Contest,2023-10-19,H,H,Gym,102951D,1630,Hard,Implementation,implementation,https://vjudge.net/contest/588561#problem/H,https://vjudge.net/problem/Gym-102951D
770,603509,66,Team Forming Contest 1 [2024],Team Forming,2024-01-12,A,Ain&#39;t It Fun,Gym,104804A,1200,Medium,Implementation,implementation,https://vjudge.net/contest/603509#problem/A,https://vjudge.net/problem/Gym-104804A
771,603509,66,Team Forming Contest 1 [2024],Team Forming,2024-01-12,B,Brightside,Gym,104804B,1310,Medium,Implementation,implementation,https://vjudge.net/contest/603509#problem/B,https://vjudge.net/problem/Gym-104804B
772,603509,66,Team Forming Contest 1 [2024],Team Forming,2024-01-12,C,Complicated,Gym,104804D,1420,Medium,Implementation,implementation,https://vjudge.net/contest/603509#problem/C,https://vjudge.net/problem/Gym-104804D
773,603509,66,Team Forming Contest 1 [2024],Team Forming,2024-01-12,D,Dramaturgy,Gym,104447G,1530,Medium,Implementation,implementation,https://vjudge.net/contest/603509#problem/D,https://vjudge.net/problem/Gym-104447G
774,603509,66,Team Forming Contest 1 [2024],Team Forming,2024-01-12,E,End of A Life,Gym,104804F,1640,Hard,Implementation,implementation,https://vjudge.net/contest/603509#problem/E,https://vjudge.net/problem/Gym-104804F
775,603509,66,Team Forming Contest 1 [2024],Team Forming,2024-01-12,F,Forgotten,Gym,104459F,1750,Hard,Implementation,implementation,https://vjudge.net/contest/603509#problem/F,https://vjudge.net/problem/Gym-104459F
776,603509,66,Team Forming Contest 1 [2024],Team Forming,2024-01-12,G,Give In to Me,Gym,104459H,1860,Hard,Implementation,implementation,https://vjudge.net/contest/603509#problem/G,https://vjudge.net/problem/Gym-104459H
777,603509,66,Team Forming Contest 1 [2024],Team Forming,2024-01-12,H,Hear Me,Gym,104459L,1970,Hard,Implementation,implementation,https://vjudge.net/contest/603509#problem/H,https://vjudge.net/problem/Gym-104459L
778,603509,66,Team Forming Contest 1 [2024],Team Forming,2024-01-12,I,I Want It All,Gym,104314F,2080,Expert,Implementation,implementation,https://vjudge.net/contest/603509#problem/I,https://vjudge.net/problem/Gym-104314F
779,603509,66,Team Forming Contest 1 [2024],Team Forming,2024-01-12,J,Just Dance,Gym,104417K,2190,Expert,Implementation,implementation,https://vjudge.net/contest/603509#problem/J,https://vjudge.net/problem/Gym-104417K
780,603864,67,Team Forming Contest 2 [2024],Team Forming,2024-01-14,A,Avatar the Last Airbender,Gym,100952A,1200,Medium,Implementation,implementation,https://vjudge.net/contest/603864#problem/A,https://vjudge.net/problem/Gym-100952A
781,603864,67,Team Forming Contest 2 [2024],Team Forming,2024-01-14,B,Breaking Bad,Gym,104010A,1310,Medium,Implementation,implementation,https://vjudge.net/contest/603864#problem/B,https://vjudge.net/problem/Gym-104010A
782,603864,67,Team Forming Contest 2 [2024],Team Forming,2024-01-14,C,Community,Gym,100589J,1420,Medium,Implementation,implementation,https://vjudge.net/contest/603864#problem/C,https://vjudge.net/problem/Gym-100589J
783,603864,67,Team Forming Contest 2 [2024],Team Forming,2024-01-14,D,Dragon Ball Z,Gym,101102C,1530,Medium,Implementation,implementation,https://vjudge.net/contest/603864#problem/D,https://vjudge.net/problem/Gym-101102C
784,603864,67,Team Forming Contest 2 [2024],Team Forming,2024-01-14,E,"Ed, Edd n Eddy",Gym,104010K,1640,Hard,Implementation,implementation,https://vjudge.net/contest/603864#problem/E,https://vjudge.net/problem/Gym-104010K
785,603864,67,Team Forming Contest 2 [2024],Team Forming,2024-01-14,F,Fullmetal Alchemist,Gym,100589G,1750,Hard,Implementation,implementation,https://vjudge.net/contest/603864#problem/F,https://vjudge.net/problem/Gym-100589G
786,603864,67,Team Forming Contest 2 [2024],Team Forming,2024-01-14,G,Gravity Falls,Gym,104010H,1860,Hard,Implementation,implementation,https://vjudge.net/contest/603864#problem/G,https://vjudge.net/problem/Gym-104010H
787,603864,67,Team Forming Contest 2 [2024],Team Forming,2024-01-14,H,House M.D,Gym,104010C,1970,Hard,Implementation,implementation,https://vjudge.net/contest/603864#problem/H,https://vjudge.net/problem/Gym-104010C
788,603864,67,Team Forming Contest 2 [2024],Team Forming,2024-01-14,I,IT Crowd,Gym,101102I,2080,Expert,Implementation,implementation,https://vjudge.net/contest/603864#problem/I,https://vjudge.net/problem/Gym-101102I
789,603864,67,Team Forming Contest 2 [2024],Team Forming,2024-01-14,J,Justice League Unlimited,Gym,104417M,2190,Expert,Implementation,implementation,https://vjudge.net/contest/603864#problem/J,https://vjudge.net/problem/Gym-104417M
790,603864,67,Team Forming Contest 2 [2024],Team Forming,2024-01-14,K,Kim Possible,Gym,101102D,2300,Expert,Implementation,implementation,https://vjudge.net/contest/603864#problem/K,https://vjudge.net/problem/Gym-101102D
791,604005,68,Team Forming Contest 3 [2024],Team Forming,2024-01-15,A,Aguero,Gym,102302D,1200,Medium,Implementation,implementation,https://vjudge.net/contest/604005#problem/A,https://vjudge.net/problem/Gym-102302D
792,604005,68,Team Forming Contest 3 [2024],Team Forming,2024-01-15,B,Bernardo,Gym,101810F,1310,Medium,Implementation,implementation,https://vjudge.net/contest/604005#problem/B,https://vjudge.net/problem/Gym-101810F
793,604005,68,Team Forming Contest 3 [2024],Team Forming,2024-01-15,C,Cancelo,Gym,100187B,1420,Medium,Implementation,implementation,https://vjudge.net/contest/604005#problem/C,https://vjudge.net/problem/Gym-100187B
794,604005,68,Team Forming Contest 3 [2024],Team Forming,2024-01-15,D,David,Gym,100187K,1530,Medium,Implementation,implementation,https://vjudge.net/contest/604005#problem/D,https://vjudge.net/problem/Gym-100187K
795,604005,68,Team Forming Contest 3 [2024],Team Forming,2024-01-15,E,Ederson,Gym,101810M,1640,Hard,Implementation,implementation,https://vjudge.net/contest/604005#problem/E,https://vjudge.net/problem/Gym-101810M
796,604005,68,Team Forming Contest 3 [2024],Team Forming,2024-01-15,F,Foden,CodeForces,1009D,1700,Hard,Graphs,"brute force, constructive algorithms, graphs, greedy, math",https://vjudge.net/contest/604005#problem/F,https://vjudge.net/problem/CodeForces-1009D
797,604005,68,Team Forming Contest 3 [2024],Team Forming,2024-01-15,G,Grealish,CodeForces,1045I,1600,Hard,Strings,"hashing, strings",https://vjudge.net/contest/604005#problem/G,https://vjudge.net/problem/CodeForces-1045I
798,604005,68,Team Forming Contest 3 [2024],Team Forming,2024-01-15,H,Haaland,Gym,100187E,1970,Hard,Implementation,implementation,https://vjudge.net/contest/604005#problem/H,https://vjudge.net/problem/Gym-100187E
799,604005,68,Team Forming Contest 3 [2024],Team Forming,2024-01-15,I,Ilkay,Gym,100703G,2080,Expert,Implementation,implementation,https://vjudge.net/contest/604005#problem/I,https://vjudge.net/problem/Gym-100703G
800,604005,68,Team Forming Contest 3 [2024],Team Forming,2024-01-15,J,Julian,Gym,100187G,2190,Expert,Implementation,implementation,https://vjudge.net/contest/604005#problem/J,https://vjudge.net/problem/Gym-100187G
801,604005,68,Team Forming Contest 3 [2024],Team Forming,2024-01-15,K,Kevin,Gym,100694F,2300,Expert,Implementation,implementation,https://vjudge.net/contest/604005#problem/K,https://vjudge.net/problem/Gym-100694F
802,605016,69,Team Practice Contest 1 [CUET & SUST 2024],Team Practice,2024-01-20,A,Arthur The Ant,Gym,104854A,1100,Easy,Implementation,implementation,https://vjudge.net/contest/605016#problem/A,https://vjudge.net/problem/Gym-104854A
803,605016,69,Team Practice Contest 1 [CUET & SUST 2024],Team Practice,2024-01-20,B,Beautiful Contest,Gym,104854B,1200,Medium,Implementation,implementation,https://vjudge.net/contest/605016#problem/B,https://vjudge.net/problem/Gym-104854B
804,605016,69,Team Practice Contest 1 [CUET & SUST 2024],Team Practice,2024-01-20,C,Continued Fractions,Gym,104854C,1300,Medium,Implementation,implementation,https://vjudge.net/contest/605016#problem/C,https://vjudge.net/problem/Gym-104854C
805,605016,69,Team Practice Contest 1 [CUET & SUST 2024],Team Practice,2024-01-20,D,District 42,Gym,104854D,1400,Medium,Implementation,implementation,https://vjudge.net/contest/605016#problem/D,https://vjudge.net/problem/Gym-104854D
806,605016,69,Team Practice Contest 1 [CUET & SUST 2024],Team Practice,2024-01-20,E,Elimination Bracket,Gym,104854E,1500,Medium,Implementation,implementation,https://vjudge.net/contest/605016#problem/E,https://vjudge.net/problem/Gym-104854E
807,605016,69,Team Practice Contest 1 [CUET & SUST 2024],Team Practice,2024-01-20,F,Factorial Prime,Gym,104854F,1600,Hard,Math & Number Theory,"number theory, math",https://vjudge.net/contest/605016#problem/F,https://vjudge.net/problem/Gym-104854F
808,605016,69,Team Practice Contest 1 [CUET & SUST 2024],Team Practice,2024-01-20,G,Guess Gauss,Gym,104854G,1700,Hard,Implementation,implementation,https://vjudge.net/contest/605016#problem/G,https://vjudge.net/problem/Gym-104854G
809,605016,69,Team Practice Contest 1 [CUET & SUST 2024],Team Practice,2024-01-20,H,Homogeneous Mixings,Gym,104854H,1800,Hard,Implementation,implementation,https://vjudge.net/contest/605016#problem/H,https://vjudge.net/problem/Gym-104854H
810,605016,69,Team Practice Contest 1 [CUET & SUST 2024],Team Practice,2024-01-20,I,Intelligent Cat Embedding,Gym,104854I,1900,Hard,Implementation,implementation,https://vjudge.net/contest/605016#problem/I,https://vjudge.net/problem/Gym-104854I
811,605016,69,Team Practice Contest 1 [CUET & SUST 2024],Team Practice,2024-01-20,J,Judging Gifts,Gym,104854J,2000,Expert,Implementation,implementation,https://vjudge.net/contest/605016#problem/J,https://vjudge.net/problem/Gym-104854J
812,605016,69,Team Practice Contest 1 [CUET & SUST 2024],Team Practice,2024-01-20,K,Kenough Time,Gym,104854K,2100,Expert,Implementation,implementation,https://vjudge.net/contest/605016#problem/K,https://vjudge.net/problem/Gym-104854K
813,606885,70,Team Practice Contest 2 [SUST 2024],Team Practice,2024-01-29,A,A Criminal,Gym,101864A,1100,Easy,Implementation,implementation,https://vjudge.net/contest/606885#problem/A,https://vjudge.net/problem/Gym-101864A
814,606885,70,Team Practice Contest 2 [SUST 2024],Team Practice,2024-01-29,B,A Leap of faith,Gym,101864B,1200,Medium,Implementation,implementation,https://vjudge.net/contest/606885#problem/B,https://vjudge.net/problem/Gym-101864B
815,606885,70,Team Practice Contest 2 [SUST 2024],Team Practice,2024-01-29,C,"BACS, Scoundrel Shopkeeper and Contiguous Sequence",Gym,101864C,1300,Medium,Implementation,implementation,https://vjudge.net/contest/606885#problem/C,https://vjudge.net/problem/Gym-101864C
816,606885,70,Team Practice Contest 2 [SUST 2024],Team Practice,2024-01-29,D,Beauty and The Tree,Gym,101864D,1400,Medium,Trees,"trees, dfs and similar",https://vjudge.net/contest/606885#problem/D,https://vjudge.net/problem/Gym-101864D
817,606885,70,Team Practice Contest 2 [SUST 2024],Team Practice,2024-01-29,E,Diverse Group,Gym,101864E,1500,Medium,Implementation,implementation,https://vjudge.net/contest/606885#problem/E,https://vjudge.net/problem/Gym-101864E
818,606885,70,Team Practice Contest 2 [SUST 2024],Team Practice,2024-01-29,F,Football Free Kick,Gym,101864F,1600,Hard,Implementation,implementation,https://vjudge.net/contest/606885#problem/F,https://vjudge.net/problem/Gym-101864F
819,606885,70,Team Practice Contest 2 [SUST 2024],Team Practice,2024-01-29,G,GCD and LCM of 3 numbers,Gym,101864G,1700,Hard,Math & Number Theory,"number theory, math",https://vjudge.net/contest/606885#problem/G,https://vjudge.net/problem/Gym-101864G
820,606885,70,Team Practice Contest 2 [SUST 2024],Team Practice,2024-01-29,H,Little T2 and Derangements,Gym,101864H,1800,Hard,Implementation,implementation,https://vjudge.net/contest/606885#problem/H,https://vjudge.net/problem/Gym-101864H
821,606885,70,Team Practice Contest 2 [SUST 2024],Team Practice,2024-01-29,I,Marbelous Meena,Gym,101864I,1900,Hard,Implementation,implementation,https://vjudge.net/contest/606885#problem/I,https://vjudge.net/problem/Gym-101864I
822,606885,70,Team Practice Contest 2 [SUST 2024],Team Practice,2024-01-29,J,Non Super Boring Substring,Gym,101864J,2000,Expert,Strings,"strings, hashing",https://vjudge.net/contest/606885#problem/J,https://vjudge.net/problem/Gym-101864J
823,606885,70,Team Practice Contest 2 [SUST 2024],Team Practice,2024-01-29,K,Ray Ray Array,Gym,101864K,2100,Expert,Implementation,implementation,https://vjudge.net/contest/606885#problem/K,https://vjudge.net/problem/Gym-101864K
824,606885,70,Team Practice Contest 2 [SUST 2024],Team Practice,2024-01-29,L,School Reunion,Gym,101864L,2100,Expert,Implementation,implementation,https://vjudge.net/contest/606885#problem/L,https://vjudge.net/problem/Gym-101864L
825,606885,70,Team Practice Contest 2 [SUST 2024],Team Practice,2024-01-29,M,TFF,Gym,101864M,2100,Expert,Implementation,implementation,https://vjudge.net/contest/606885#problem/M,https://vjudge.net/problem/Gym-101864M
826,608047,71,Team Practice Contest - 3 (SUST 2024),Team Practice,2024-02-03,A,Boxes and Balls,Gym,103957A,1100,Easy,Implementation,implementation,https://vjudge.net/contest/608047#problem/A,https://vjudge.net/problem/Gym-103957A
827,608047,71,Team Practice Contest - 3 (SUST 2024),Team Practice,2024-02-03,B,Business Cycle,Gym,103957B,1200,Medium,Graphs,"graphs, dfs and similar",https://vjudge.net/contest/608047#problem/B,https://vjudge.net/problem/Gym-103957B
828,608047,71,Team Practice Contest - 3 (SUST 2024),Team Practice,2024-02-03,C,Suffixes and Palindromes,Gym,103957C,1300,Medium,Strings,"strings, hashing",https://vjudge.net/contest/608047#problem/C,https://vjudge.net/problem/Gym-103957C
829,608047,71,Team Practice Contest - 3 (SUST 2024),Team Practice,2024-02-03,D,Change,Gym,103957D,1400,Medium,Implementation,implementation,https://vjudge.net/contest/608047#problem/D,https://vjudge.net/problem/Gym-103957D
830,608047,71,Team Practice Contest - 3 (SUST 2024),Team Practice,2024-02-03,E,Colorful Floor,Gym,103957E,1500,Medium,Implementation,implementation,https://vjudge.net/contest/608047#problem/E,https://vjudge.net/problem/Gym-103957E
831,608047,71,Team Practice Contest - 3 (SUST 2024),Team Practice,2024-02-03,F,Hungry Game of Ants,Gym,103957F,1600,Hard,Games & Constructive,"games, constructive algorithms",https://vjudge.net/contest/608047#problem/F,https://vjudge.net/problem/Gym-103957F
832,608047,71,Team Practice Contest - 3 (SUST 2024),Team Practice,2024-02-03,G,Legacy of the Void,Gym,103957G,1700,Hard,Implementation,implementation,https://vjudge.net/contest/608047#problem/G,https://vjudge.net/problem/Gym-103957G
833,608047,71,Team Practice Contest - 3 (SUST 2024),Team Practice,2024-02-03,H,Open Face Chinese Poker,Gym,103957H,1800,Hard,Implementation,implementation,https://vjudge.net/contest/608047#problem/H,https://vjudge.net/problem/Gym-103957H
834,608047,71,Team Practice Contest - 3 (SUST 2024),Team Practice,2024-02-03,I,Champions League,Gym,103957I,1900,Hard,Implementation,implementation,https://vjudge.net/contest/608047#problem/I,https://vjudge.net/problem/Gym-103957I
835,608047,71,Team Practice Contest - 3 (SUST 2024),Team Practice,2024-02-03,J,Dome and Steles,Gym,103957J,2000,Expert,Implementation,implementation,https://vjudge.net/contest/608047#problem/J,https://vjudge.net/problem/Gym-103957J
836,608047,71,Team Practice Contest - 3 (SUST 2024),Team Practice,2024-02-03,K,Convex Polyhedron,Gym,103957K,2100,Expert,Implementation,implementation,https://vjudge.net/contest/608047#problem/K,https://vjudge.net/problem/Gym-103957K
837,608047,71,Team Practice Contest - 3 (SUST 2024),Team Practice,2024-02-03,L,Multiplication Table,Gym,103957L,2100,Expert,Implementation,implementation,https://vjudge.net/contest/608047#problem/L,https://vjudge.net/problem/Gym-103957L
838,608047,71,Team Practice Contest - 3 (SUST 2024),Team Practice,2024-02-03,M,November 11th,Gym,103957M,2100,Expert,Implementation,implementation,https://vjudge.net/contest/608047#problem/M,https://vjudge.net/problem/Gym-103957M
839,608330,72,Team Practice Contest - 4 (SUST 2024),Team Practice,2024-02-05,A,A,Gym,102569A,1100,Easy,Implementation,implementation,https://vjudge.net/contest/608330#problem/A,https://vjudge.net/problem/Gym-102569A
840,608330,72,Team Practice Contest - 4 (SUST 2024),Team Practice,2024-02-05,B,B,Gym,102569B,1200,Medium,Implementation,implementation,https://vjudge.net/contest/608330#problem/B,https://vjudge.net/problem/Gym-102569B
841,608330,72,Team Practice Contest - 4 (SUST 2024),Team Practice,2024-02-05,C,C,Gym,102569C,1300,Medium,Implementation,implementation,https://vjudge.net/contest/608330#problem/C,https://vjudge.net/problem/Gym-102569C
842,608330,72,Team Practice Contest - 4 (SUST 2024),Team Practice,2024-02-05,D,D,Gym,102569D,1400,Medium,Implementation,implementation,https://vjudge.net/contest/608330#problem/D,https://vjudge.net/problem/Gym-102569D
843,608330,72,Team Practice Contest - 4 (SUST 2024),Team Practice,2024-02-05,E,E,Gym,102569E,1500,Medium,Implementation,implementation,https://vjudge.net/contest/608330#problem/E,https://vjudge.net/problem/Gym-102569E
844,608330,72,Team Practice Contest - 4 (SUST 2024),Team Practice,2024-02-05,F,F,Gym,102569F,1600,Hard,Implementation,implementation,https://vjudge.net/contest/608330#problem/F,https://vjudge.net/problem/Gym-102569F
845,608330,72,Team Practice Contest - 4 (SUST 2024),Team Practice,2024-02-05,G,G,Gym,102569G,1700,Hard,Implementation,implementation,https://vjudge.net/contest/608330#problem/G,https://vjudge.net/problem/Gym-102569G
846,608330,72,Team Practice Contest - 4 (SUST 2024),Team Practice,2024-02-05,H,H,Gym,102569H,1800,Hard,Implementation,implementation,https://vjudge.net/contest/608330#problem/H,https://vjudge.net/problem/Gym-102569H
847,608330,72,Team Practice Contest - 4 (SUST 2024),Team Practice,2024-02-05,I,I,Gym,102569I,1900,Hard,Implementation,implementation,https://vjudge.net/contest/608330#problem/I,https://vjudge.net/problem/Gym-102569I
848,608330,72,Team Practice Contest - 4 (SUST 2024),Team Practice,2024-02-05,J,J,Gym,102569J,2000,Expert,Implementation,implementation,https://vjudge.net/contest/608330#problem/J,https://vjudge.net/problem/Gym-102569J
849,608330,72,Team Practice Contest - 4 (SUST 2024),Team Practice,2024-02-05,K,K,Gym,102569K,2100,Expert,Implementation,implementation,https://vjudge.net/contest/608330#problem/K,https://vjudge.net/problem/Gym-102569K
850,608330,72,Team Practice Contest - 4 (SUST 2024),Team Practice,2024-02-05,L,L,Gym,102569L,2100,Expert,Implementation,implementation,https://vjudge.net/contest/608330#problem/L,https://vjudge.net/problem/Gym-102569L
851,608330,72,Team Practice Contest - 4 (SUST 2024),Team Practice,2024-02-05,M,M,Gym,102569M,2100,Expert,Implementation,implementation,https://vjudge.net/contest/608330#problem/M,https://vjudge.net/problem/Gym-102569M
852,627065,73,Team Forming Contest 2024 Topic - DP,Team Forming,2024-05-06,A,Lego,LightOJ,1422,1200,Medium,Dynamic Programming,dp,https://vjudge.net/contest/627065#problem/A,https://vjudge.net/problem/LightOJ-1422
853,627065,73,Team Forming Contest 2024 Topic - DP,Team Forming,2024-05-06,B,Bracket,CodeChef,BALSUB,1310,Medium,Dynamic Programming,dp,https://vjudge.net/contest/627065#problem/B,https://vjudge.net/problem/CodeChef-BALSUB
854,627065,73,Team Forming Contest 2024 Topic - DP,Team Forming,2024-05-06,C,Game,Gym,101808D,1420,Medium,Dynamic Programming,dp,https://vjudge.net/contest/627065#problem/C,https://vjudge.net/problem/Gym-101808D
855,627065,73,Team Forming Contest 2024 Topic - DP,Team Forming,2024-05-06,D,Box,LightOJ,1217,1530,Medium,Dynamic Programming,dp,https://vjudge.net/contest/627065#problem/D,https://vjudge.net/problem/LightOJ-1217
856,627065,73,Team Forming Contest 2024 Topic - DP,Team Forming,2024-05-06,E,Number,Gym,102040B,1640,Hard,Dynamic Programming,dp,https://vjudge.net/contest/627065#problem/E,https://vjudge.net/problem/Gym-102040B
857,627065,73,Team Forming Contest 2024 Topic - DP,Team Forming,2024-05-06,F,Floor,AtCoder,dp_m,1200,Medium,Implementation,implementation,https://vjudge.net/contest/627065#problem/F,https://vjudge.net/problem/AtCoder-dp_m
858,627065,73,Team Forming Contest 2024 Topic - DP,Team Forming,2024-05-06,G,Train,Kattis,avoidingairports,1860,Hard,Dynamic Programming,dp,https://vjudge.net/contest/627065#problem/G,https://vjudge.net/problem/Kattis-avoidingairports
859,627065,73,Team Forming Contest 2024 Topic - DP,Team Forming,2024-05-06,H,Grid,CodeChef,TKCHOCS,1970,Hard,Dynamic Programming,dp,https://vjudge.net/contest/627065#problem/H,https://vjudge.net/problem/CodeChef-TKCHOCS
860,608928,74,Long Contest on Geometry,Topic Contest,2024-02-08,A,Point Location Test,CSES,2189,1100,Easy,Geometry,"geometry, cross product",https://vjudge.net/contest/608928#problem/A,https://vjudge.net/problem/CSES-2189
861,608928,74,Long Contest on Geometry,Topic Contest,2024-02-08,B,Line Segment Intersection,CSES,2190,1300,Medium,Geometry,"geometry, line intersection",https://vjudge.net/contest/608928#problem/B,https://vjudge.net/problem/CSES-2190
862,608928,74,Long Contest on Geometry,Topic Contest,2024-02-08,C,Polygon Area,CSES,2191,1100,Easy,Geometry,"geometry, polygon area, shoelace",https://vjudge.net/contest/608928#problem/C,https://vjudge.net/problem/CSES-2191
863,608928,74,Long Contest on Geometry,Topic Contest,2024-02-08,D,Polygon Lattice Points,CSES,2193,1600,Hard,Geometry,"geometry, picks theorem, gcd",https://vjudge.net/contest/608928#problem/D,https://vjudge.net/problem/CSES-2193
864,608928,74,Long Contest on Geometry,Topic Contest,2024-02-08,E,Convex Hull,CSES,2195,1600,Hard,Geometry,"geometry, convex hull",https://vjudge.net/contest/608928#problem/E,https://vjudge.net/problem/CSES-2195
865,608928,74,Long Contest on Geometry,Topic Contest,2024-02-08,F,Peter and Snow Blower,CodeForces,613A,1900,Hard,Geometry,"binary search, geometry, ternary search",https://vjudge.net/contest/608928#problem/F,https://vjudge.net/problem/CodeForces-613A
866,608928,74,Long Contest on Geometry,Topic Contest,2024-02-08,G,Area of Two Circles' Intersection,CodeForces,600D,2000,Expert,Geometry,geometry,https://vjudge.net/contest/608928#problem/G,https://vjudge.net/problem/CodeForces-600D
867,608928,74,Long Contest on Geometry,Topic Contest,2024-02-08,H,Chef and Polygons,CodeChef,CHEFPOLY,1630,Hard,Geometry,"geometry, math",https://vjudge.net/contest/608928#problem/H,https://vjudge.net/problem/CodeChef-CHEFPOLY
868,608928,74,Long Contest on Geometry,Topic Contest,2024-02-08,I,Area of a Parallelogram,LightOJ,1305,1720,Hard,Geometry,"geometry, math",https://vjudge.net/contest/608928#problem/I,https://vjudge.net/problem/LightOJ-1305
869,608928,74,Long Contest on Geometry,Topic Contest,2024-02-08,J,Guarding Bananas,LightOJ,1203,1800,Hard,Geometry,"geometry, math",https://vjudge.net/contest/608928#problem/J,https://vjudge.net/problem/LightOJ-1203
870,608928,74,Long Contest on Geometry,Topic Contest,2024-02-08,K,Crossed Ladders,LightOJ,1062,1800,Hard,Geometry,"geometry, math",https://vjudge.net/contest/608928#problem/K,https://vjudge.net/problem/LightOJ-1062
871,608928,74,Long Contest on Geometry,Topic Contest,2024-02-08,L,Convex Fence,LightOJ,1239,1800,Hard,Geometry,"geometry, math",https://vjudge.net/contest/608928#problem/L,https://vjudge.net/problem/LightOJ-1239
872,608928,74,Long Contest on Geometry,Topic Contest,2024-02-08,M,Race Track,LightOJ,1260,1800,Hard,Geometry,"geometry, math",https://vjudge.net/contest/608928#problem/M,https://vjudge.net/problem/LightOJ-1260
873,608928,74,Long Contest on Geometry,Topic Contest,2024-02-08,N,Remember the Name...,Toph,remember-the-name,1800,Hard,Geometry,"geometry, math",https://vjudge.net/contest/608928#problem/N,https://vjudge.net/problem/Toph-remember-the-name
874,608928,74,Long Contest on Geometry,Topic Contest,2024-02-08,O,N-Ta-Gon Has a Problem,Toph,n-ta-gon-has-a-problem,1800,Hard,Geometry,"geometry, math",https://vjudge.net/contest/608928#problem/O,https://vjudge.net/problem/Toph-n-ta-gon-has-a-problem
875,608928,74,Long Contest on Geometry,Topic Contest,2024-02-08,P,Sherlock and Planes,HackerRank,sherlock-and-planes,1800,Hard,Geometry,"geometry, math",https://vjudge.net/contest/608928#problem/P,https://vjudge.net/problem/HackerRank-sherlock-and-planes
876,608928,74,Long Contest on Geometry,Topic Contest,2024-02-08,Q,Laser Shot,LightOJ,1292,1800,Hard,Geometry,"geometry, math",https://vjudge.net/contest/608928#problem/Q,https://vjudge.net/problem/LightOJ-1292
877,608928,74,Long Contest on Geometry,Topic Contest,2024-02-08,R,Hide and seek,UVA,12675,1800,Hard,Geometry,"geometry, math",https://vjudge.net/contest/608928#problem/R,https://vjudge.net/problem/UVA-12675
878,608928,74,Long Contest on Geometry,Topic Contest,2024-02-08,S,Animesh decides to settle down,CodeChef,CHN02,1800,Hard,Geometry,"geometry, math",https://vjudge.net/contest/608928#problem/S,https://vjudge.net/problem/CodeChef-CHN02
879,608928,74,Long Contest on Geometry,Topic Contest,2024-02-08,T,How I Mathematician Wonder What You Are!,POJ,3130,1800,Hard,Geometry,"geometry, math",https://vjudge.net/contest/608928#problem/T,https://vjudge.net/problem/POJ-3130
880,608928,74,Long Contest on Geometry,Topic Contest,2024-02-08,U,Rotating Scoreboard,POJ,3335,1800,Hard,Geometry,"geometry, math",https://vjudge.net/contest/608928#problem/U,https://vjudge.net/problem/POJ-3335
881,608928,74,Long Contest on Geometry,Topic Contest,2024-02-08,V,Fossil in the Ice,SPOJ,TFOSS,1800,Hard,Geometry,"geometry, math",https://vjudge.net/contest/608928#problem/V,https://vjudge.net/problem/SPOJ-TFOSS
882,608928,74,Long Contest on Geometry,Topic Contest,2024-02-08,W,Trash Removal,UVA,1111,1800,Hard,Geometry,"geometry, math",https://vjudge.net/contest/608928#problem/W,https://vjudge.net/problem/UVA-1111
883,608928,74,Long Contest on Geometry,Topic Contest,2024-02-08,X,Circle Through Three Points,UVA,190,1800,Hard,Geometry,"geometry, math",https://vjudge.net/contest/608928#problem/X,https://vjudge.net/problem/UVA-190
884,608928,74,Long Contest on Geometry,Topic Contest,2024-02-08,Y,Chop Chop,Toph,chop-chop,1800,Hard,Geometry,"geometry, math",https://vjudge.net/contest/608928#problem/Y,https://vjudge.net/problem/Toph-chop-chop
885,611216,75,Long Contest :: DP on Tree,Topic Contest,2024-02-21,A,MaxIS,UVA,1220,1000,Easy,Trees,"trees, dfs and similar",https://vjudge.net/contest/611216#problem/A,https://vjudge.net/problem/UVA-1220
886,611216,75,Long Contest :: DP on Tree,Topic Contest,2024-02-21,B,BPM,CSES,1130,1400,Medium,Trees,"trees, dp, greedy",https://vjudge.net/contest/611216#problem/B,https://vjudge.net/problem/CSES-1130
887,611216,75,Long Contest :: DP on Tree,Topic Contest,2024-02-21,C,VC,SPOJ,PT07X,1180,Easy,Trees,"trees, dfs and similar",https://vjudge.net/contest/611216#problem/C,https://vjudge.net/problem/SPOJ-PT07X
888,611216,75,Long Contest :: DP on Tree,Topic Contest,2024-02-21,D,?,UVA,1218,1270,Medium,Trees,"trees, dfs and similar",https://vjudge.net/contest/611216#problem/D,https://vjudge.net/problem/UVA-1218
889,611216,75,Long Contest :: DP on Tree,Topic Contest,2024-02-21,E,count IS,AtCoder,dp_p,1200,Medium,Implementation,implementation,https://vjudge.net/contest/611216#problem/E,https://vjudge.net/problem/AtCoder-dp_p
890,611216,75,Long Contest :: DP on Tree,Topic Contest,2024-02-21,F,Distance in Tree,CodeForces,161D,1800,Hard,Dynamic Programming,"dfs and similar, dp, trees",https://vjudge.net/contest/611216#problem/F,https://vjudge.net/problem/CodeForces-161D
891,611216,75,Long Contest :: DP on Tree,Topic Contest,2024-02-21,G,Village (Minimum),CodeForces,1387B1,2100,Expert,Dynamic Programming,"*special, dp, greedy, trees",https://vjudge.net/contest/611216#problem/G,https://vjudge.net/problem/CodeForces-1387B1
892,611216,75,Long Contest :: DP on Tree,Topic Contest,2024-02-21,H,Nastia Plays with a Tree,CodeForces,1521D,2500,Expert,Dynamic Programming,"constructive algorithms, data structures, dfs and similar, dp, dsu, greedy, implementation, trees",https://vjudge.net/contest/611216#problem/H,https://vjudge.net/problem/CodeForces-1521D
893,611216,75,Long Contest :: DP on Tree,Topic Contest,2024-02-21,I,Tree Diameter,CSES,1131,1300,Medium,Trees,"trees, dfs and similar",https://vjudge.net/contest/611216#problem/I,https://vjudge.net/problem/CSES-1131
894,611216,75,Long Contest :: DP on Tree,Topic Contest,2024-02-21,J,Longest path in a tree,EOlymp,10050,1800,Hard,Trees,"trees, dfs and similar",https://vjudge.net/contest/611216#problem/J,https://vjudge.net/problem/EOlymp-10050
895,611216,75,Long Contest :: DP on Tree,Topic Contest,2024-02-21,K,Tree Destruction,CodeForces,911F,2400,Expert,Trees,"constructive algorithms, dfs and similar, graphs, greedy, trees",https://vjudge.net/contest/611216#problem/K,https://vjudge.net/problem/CodeForces-911F
896,611216,75,Long Contest :: DP on Tree,Topic Contest,2024-02-21,L,Tree Distances I,CSES,1132,1500,Medium,Trees,"trees, dfs and similar, dp",https://vjudge.net/contest/611216#problem/L,https://vjudge.net/problem/CSES-1132
897,611216,75,Long Contest :: DP on Tree,Topic Contest,2024-02-21,M,Tree Distances II,CSES,1133,1500,Medium,Trees,"trees, dp, dfs and similar",https://vjudge.net/contest/611216#problem/M,https://vjudge.net/problem/CSES-1133
898,611216,75,Long Contest :: DP on Tree,Topic Contest,2024-02-21,N,Tree with Maximum Cost,CodeForces,1092F,1900,Hard,Dynamic Programming,"dfs and similar, dp, trees",https://vjudge.net/contest/611216#problem/N,https://vjudge.net/problem/CodeForces-1092F
899,611216,75,Long Contest :: DP on Tree,Topic Contest,2024-02-21,O,Tree Painting,CodeForces,1187E,2100,Expert,Dynamic Programming,"dfs and similar, dp, trees",https://vjudge.net/contest/611216#problem/O,https://vjudge.net/problem/CodeForces-1187E
900,611216,75,Long Contest :: DP on Tree,Topic Contest,2024-02-21,P,Subtree,AtCoder,dp_v,1200,Medium,Trees,trees,https://vjudge.net/contest/611216#problem/P,https://vjudge.net/problem/AtCoder-dp_v
901,611216,75,Long Contest :: DP on Tree,Topic Contest,2024-02-21,Q,Distributing Integers,AtCoder,abc160_f,2341,Expert,Advanced Algorithms,"advanced algorithms, hard math, hard dp",https://vjudge.net/contest/611216#problem/Q,https://vjudge.net/problem/AtCoder-abc160_f
902,611216,75,Long Contest :: DP on Tree,Topic Contest,2024-02-21,R,Blocking Chips,CodeForces,1795F,2400,Expert,Trees,"binary search, constructive algorithms, dfs and similar, greedy, trees",https://vjudge.net/contest/611216#problem/R,https://vjudge.net/problem/CodeForces-1795F
903,611216,75,Long Contest :: DP on Tree,Topic Contest,2024-02-21,S,Up and Down the Tree,CodeForces,1065F,2500,Expert,Dynamic Programming,"dfs and similar, dp, trees",https://vjudge.net/contest/611216#problem/S,https://vjudge.net/problem/CodeForces-1065F
904,611216,75,Long Contest :: DP on Tree,Topic Contest,2024-02-21,T,Colored Subgraphs,CodeForces,1796E,2500,Expert,Dynamic Programming,"dfs and similar, dp, games, greedy, trees",https://vjudge.net/contest/611216#problem/T,https://vjudge.net/problem/CodeForces-1796E
905,611216,75,Long Contest :: DP on Tree,Topic Contest,2024-02-21,U,Labeling the Tree with Distances,CodeForces,1794E,2400,Expert,Dynamic Programming,"data structures, dp, greedy, hashing, implementation, trees",https://vjudge.net/contest/611216#problem/U,https://vjudge.net/problem/CodeForces-1794E
906,611216,75,Long Contest :: DP on Tree,Topic Contest,2024-02-21,V,Do You Know Tree ?,Toph,do-you-know-tree,1800,Hard,Trees,"trees, dfs and similar",https://vjudge.net/contest/611216#problem/V,https://vjudge.net/problem/Toph-do-you-know-tree
907,611216,75,Long Contest :: DP on Tree,Topic Contest,2024-02-21,W,Holy Tree,Toph,closed-fence,1800,Hard,Trees,"trees, dfs and similar",https://vjudge.net/contest/611216#problem/W,https://vjudge.net/problem/Toph-closed-fence
908,611216,75,Long Contest :: DP on Tree,Topic Contest,2024-02-21,X,Distance Sums 2,AtCoder,abc220_f,1691,Hard,Math & Number Theory,"math, number theory",https://vjudge.net/contest/611216#problem/X,https://vjudge.net/problem/AtCoder-abc220_f
909,611216,75,Long Contest :: DP on Tree,Topic Contest,2024-02-21,Y,Sasha and a Walk in the City,CodeForces,1929D,1900,Hard,Dynamic Programming,"combinatorics, dp, math, trees",https://vjudge.net/contest/611216#problem/Y,https://vjudge.net/problem/CodeForces-1929D
910,618259,76,Beginner: Long Contest On Basic Data Structures [2024],Beginner Contest,2024-03-23,A,A,CSES,1646,900,Easy,Data Structures,"data structures, prefix sums",https://vjudge.net/contest/618259#problem/A,https://vjudge.net/problem/CSES-1646
911,618259,76,Beginner: Long Contest On Basic Data Structures [2024],Beginner Contest,2024-03-23,B,B,CodeForces,1213B,1100,Easy,Data Structures,"data structures, implementation",https://vjudge.net/contest/618259#problem/B,https://vjudge.net/problem/CodeForces-1213B
912,618259,76,Beginner: Long Contest On Basic Data Structures [2024],Beginner Contest,2024-03-23,C,C,UVA,673,1060,Easy,Data Structures,data structures,https://vjudge.net/contest/618259#problem/C,https://vjudge.net/problem/UVA-673
913,618259,76,Beginner: Long Contest On Basic Data Structures [2024],Beginner Contest,2024-03-23,D,D,Gym,102961G,1140,Easy,Data Structures,data structures,https://vjudge.net/contest/618259#problem/D,https://vjudge.net/problem/Gym-102961G
914,618259,76,Beginner: Long Contest On Basic Data Structures [2024],Beginner Contest,2024-03-23,E,E,Gym,102961H,1220,Medium,Data Structures,data structures,https://vjudge.net/contest/618259#problem/E,https://vjudge.net/problem/Gym-102961H
915,618259,76,Beginner: Long Contest On Basic Data Structures [2024],Beginner Contest,2024-03-23,F,F,Gym,102961I,1300,Medium,Data Structures,data structures,https://vjudge.net/contest/618259#problem/F,https://vjudge.net/problem/Gym-102961I
916,618259,76,Beginner: Long Contest On Basic Data Structures [2024],Beginner Contest,2024-03-23,G,G,Gym,102961J,1380,Medium,Data Structures,data structures,https://vjudge.net/contest/618259#problem/G,https://vjudge.net/problem/Gym-102961J
917,618259,76,Beginner: Long Contest On Basic Data Structures [2024],Beginner Contest,2024-03-23,H,H,Gym,102961A,1400,Medium,Data Structures,data structures,https://vjudge.net/contest/618259#problem/H,https://vjudge.net/problem/Gym-102961A
918,618259,76,Beginner: Long Contest On Basic Data Structures [2024],Beginner Contest,2024-03-23,I,I,Gym,102961B,1400,Medium,Data Structures,data structures,https://vjudge.net/contest/618259#problem/I,https://vjudge.net/problem/Gym-102961B
919,618259,76,Beginner: Long Contest On Basic Data Structures [2024],Beginner Contest,2024-03-23,J,J,Gym,102961C,1400,Medium,Data Structures,data structures,https://vjudge.net/contest/618259#problem/J,https://vjudge.net/problem/Gym-102961C
920,618259,76,Beginner: Long Contest On Basic Data Structures [2024],Beginner Contest,2024-03-23,K,K,UVA,10282,1400,Medium,Data Structures,data structures,https://vjudge.net/contest/618259#problem/K,https://vjudge.net/problem/UVA-10282
921,618259,76,Beginner: Long Contest On Basic Data Structures [2024],Beginner Contest,2024-03-23,L,L,Gym,102961E,1400,Medium,Data Structures,data structures,https://vjudge.net/contest/618259#problem/L,https://vjudge.net/problem/Gym-102961E
922,618259,76,Beginner: Long Contest On Basic Data Structures [2024],Beginner Contest,2024-03-23,M,M,Gym,102961F,1400,Medium,Data Structures,data structures,https://vjudge.net/contest/618259#problem/M,https://vjudge.net/problem/Gym-102961F
923,618259,76,Beginner: Long Contest On Basic Data Structures [2024],Beginner Contest,2024-03-23,N,N,Gym,102961K,1400,Medium,Data Structures,data structures,https://vjudge.net/contest/618259#problem/N,https://vjudge.net/problem/Gym-102961K
924,618259,76,Beginner: Long Contest On Basic Data Structures [2024],Beginner Contest,2024-03-23,O,O,Gym,102961L,1400,Medium,Data Structures,data structures,https://vjudge.net/contest/618259#problem/O,https://vjudge.net/problem/Gym-102961L
925,618259,76,Beginner: Long Contest On Basic Data Structures [2024],Beginner Contest,2024-03-23,P,P,Gym,102961M,1400,Medium,Data Structures,data structures,https://vjudge.net/contest/618259#problem/P,https://vjudge.net/problem/Gym-102961M
926,618259,76,Beginner: Long Contest On Basic Data Structures [2024],Beginner Contest,2024-03-23,Q,Q,Gym,102961N,1400,Medium,Data Structures,data structures,https://vjudge.net/contest/618259#problem/Q,https://vjudge.net/problem/Gym-102961N
927,618259,76,Beginner: Long Contest On Basic Data Structures [2024],Beginner Contest,2024-03-23,R,R,Gym,102961O,1400,Medium,Data Structures,data structures,https://vjudge.net/contest/618259#problem/R,https://vjudge.net/problem/Gym-102961O
928,618259,76,Beginner: Long Contest On Basic Data Structures [2024],Beginner Contest,2024-03-23,S,S,Gym,102961P,1400,Medium,Data Structures,data structures,https://vjudge.net/contest/618259#problem/S,https://vjudge.net/problem/Gym-102961P
929,618259,76,Beginner: Long Contest On Basic Data Structures [2024],Beginner Contest,2024-03-23,T,T,Gym,102961Q,1400,Medium,Data Structures,data structures,https://vjudge.net/contest/618259#problem/T,https://vjudge.net/problem/Gym-102961Q
930,618259,76,Beginner: Long Contest On Basic Data Structures [2024],Beginner Contest,2024-03-23,U,U,Gym,102961R,1400,Medium,Data Structures,data structures,https://vjudge.net/contest/618259#problem/U,https://vjudge.net/problem/Gym-102961R
931,618259,76,Beginner: Long Contest On Basic Data Structures [2024],Beginner Contest,2024-03-23,V,V,Gym,102961S,1400,Medium,Data Structures,data structures,https://vjudge.net/contest/618259#problem/V,https://vjudge.net/problem/Gym-102961S
932,618259,76,Beginner: Long Contest On Basic Data Structures [2024],Beginner Contest,2024-03-23,W,W,Gym,102961U,1400,Medium,Data Structures,data structures,https://vjudge.net/contest/618259#problem/W,https://vjudge.net/problem/Gym-102961U
933,618259,76,Beginner: Long Contest On Basic Data Structures [2024],Beginner Contest,2024-03-23,X,X,Gym,102961T,1400,Medium,Data Structures,data structures,https://vjudge.net/contest/618259#problem/X,https://vjudge.net/problem/Gym-102961T
934,618259,76,Beginner: Long Contest On Basic Data Structures [2024],Beginner Contest,2024-03-23,Y,Y,CodeForces,855A,800,Easy,Strings,"brute force, implementation, strings",https://vjudge.net/contest/618259#problem/Y,https://vjudge.net/problem/CodeForces-855A
935,618259,76,Beginner: Long Contest On Basic Data Structures [2024],Beginner Contest,2024-03-23,Z,Z,CodeForces,816B,1400,Medium,Data Structures,"binary search, data structures, implementation",https://vjudge.net/contest/618259#problem/Z,https://vjudge.net/problem/CodeForces-816B
936,618259,76,Beginner: Long Contest On Basic Data Structures [2024],Beginner Contest,2024-03-23,AA,AA,CodeForces,1355C,1800,Hard,Math & Number Theory,"binary search, implementation, math, two pointers",https://vjudge.net/contest/618259#problem/AA,https://vjudge.net/problem/CodeForces-1355C
937,618259,76,Beginner: Long Contest On Basic Data Structures [2024],Beginner Contest,2024-03-23,AB,BB,LightOJ,1113,900,Easy,Data Structures,data structures,https://vjudge.net/contest/618259#problem/AB,https://vjudge.net/problem/LightOJ-1113
938,618259,76,Beginner: Long Contest On Basic Data Structures [2024],Beginner Contest,2024-03-23,AC,CC,LightOJ,1212,900,Easy,Data Structures,data structures,https://vjudge.net/contest/618259#problem/AC,https://vjudge.net/problem/LightOJ-1212
939,618259,76,Beginner: Long Contest On Basic Data Structures [2024],Beginner Contest,2024-03-23,AD,DD,CodeForces,1349A,1600,Hard,Math & Number Theory,"data structures, math, number theory",https://vjudge.net/contest/618259#problem/AD,https://vjudge.net/problem/CodeForces-1349A
940,618259,76,Beginner: Long Contest On Basic Data Structures [2024],Beginner Contest,2024-03-23,AE,EE,CodeForces,1692G,1400,Medium,Dynamic Programming,"data structures, dp, sortings, two pointers",https://vjudge.net/contest/618259#problem/AE,https://vjudge.net/problem/CodeForces-1692G
941,618259,76,Beginner: Long Contest On Basic Data Structures [2024],Beginner Contest,2024-03-23,AF,FF,Aizu,ITP2_8_C,900,Easy,Data Structures,data structures,https://vjudge.net/contest/618259#problem/AF,https://vjudge.net/problem/Aizu-ITP2_8_C
942,618259,76,Beginner: Long Contest On Basic Data Structures [2024],Beginner Contest,2024-03-23,AG,GG - Good Game,Aizu,ITP2_1_D,900,Easy,Data Structures,data structures,https://vjudge.net/contest/618259#problem/AG,https://vjudge.net/problem/Aizu-ITP2_1_D
943,625721,77,Beginner: Long Contest on Number Theory and Mathematics [2024],Beginner Contest,2024-04-29,A,Ko,CodeForces,1925B,1200,Medium,Math & Number Theory,"brute force, greedy, math, number theory",https://vjudge.net/contest/625721#problem/A,https://vjudge.net/problem/CodeForces-1925B
944,625721,77,Beginner: Long Contest on Number Theory and Mathematics [2024],Beginner Contest,2024-04-29,B,Kho,CodeForces,1708B,1100,Easy,Math & Number Theory,"constructive algorithms, math",https://vjudge.net/contest/625721#problem/B,https://vjudge.net/problem/CodeForces-1708B
945,625721,77,Beginner: Long Contest on Number Theory and Mathematics [2024],Beginner Contest,2024-04-29,C,Go,CodeForces,1542C,1600,Hard,Math & Number Theory,"math, number theory",https://vjudge.net/contest/625721#problem/C,https://vjudge.net/problem/CodeForces-1542C
946,625721,77,Beginner: Long Contest on Number Theory and Mathematics [2024],Beginner Contest,2024-04-29,D,Gho,CSES,1713,1000,Easy,Math & Number Theory,"math, number theory",https://vjudge.net/contest/625721#problem/D,https://vjudge.net/problem/CSES-1713
947,625721,77,Beginner: Long Contest on Number Theory and Mathematics [2024],Beginner Contest,2024-04-29,E,Uyo,LightOJ,1109,1220,Medium,Math & Number Theory,"number theory, math",https://vjudge.net/contest/625721#problem/E,https://vjudge.net/problem/LightOJ-1109
948,625721,77,Beginner: Long Contest on Number Theory and Mathematics [2024],Beginner Contest,2024-04-29,F,Cho,LightOJ,1259,1300,Medium,Math & Number Theory,"number theory, math",https://vjudge.net/contest/625721#problem/F,https://vjudge.net/problem/LightOJ-1259
949,625721,77,Beginner: Long Contest on Number Theory and Mathematics [2024],Beginner Contest,2024-04-29,G,Chho,LightOJ,1067,1380,Medium,Math & Number Theory,"number theory, math",https://vjudge.net/contest/625721#problem/G,https://vjudge.net/problem/LightOJ-1067
950,625721,77,Beginner: Long Contest on Number Theory and Mathematics [2024],Beginner Contest,2024-04-29,H,Jo,LightOJ,1443,1400,Medium,Math & Number Theory,"number theory, math",https://vjudge.net/contest/625721#problem/H,https://vjudge.net/problem/LightOJ-1443
951,625721,77,Beginner: Long Contest on Number Theory and Mathematics [2024],Beginner Contest,2024-04-29,I,Jho,LightOJ,1014,1400,Medium,Math & Number Theory,"number theory, math",https://vjudge.net/contest/625721#problem/I,https://vjudge.net/problem/LightOJ-1014
952,625721,77,Beginner: Long Contest on Number Theory and Mathematics [2024],Beginner Contest,2024-04-29,J,Eyo,LightOJ,1054,1400,Medium,Math & Number Theory,"number theory, math",https://vjudge.net/contest/625721#problem/J,https://vjudge.net/problem/LightOJ-1054
953,625721,77,Beginner: Long Contest on Number Theory and Mathematics [2024],Beginner Contest,2024-04-29,K,Tto,LightOJ,1090,1400,Medium,Math & Number Theory,"number theory, math",https://vjudge.net/contest/625721#problem/K,https://vjudge.net/problem/LightOJ-1090
954,625721,77,Beginner: Long Contest on Number Theory and Mathematics [2024],Beginner Contest,2024-04-29,L,Ttho,LightOJ,1278,1400,Medium,Math & Number Theory,"number theory, math",https://vjudge.net/contest/625721#problem/L,https://vjudge.net/problem/LightOJ-1278
955,625721,77,Beginner: Long Contest on Number Theory and Mathematics [2024],Beginner Contest,2024-04-29,M,Ddo,LightOJ,1007,1400,Medium,Math & Number Theory,"number theory, math",https://vjudge.net/contest/625721#problem/M,https://vjudge.net/problem/LightOJ-1007
956,625721,77,Beginner: Long Contest on Number Theory and Mathematics [2024],Beginner Contest,2024-04-29,N,Ddho,LightOJ,1035,1400,Medium,Math & Number Theory,"number theory, math",https://vjudge.net/contest/625721#problem/N,https://vjudge.net/problem/LightOJ-1035
957,625721,77,Beginner: Long Contest on Number Theory and Mathematics [2024],Beginner Contest,2024-04-29,O,Nno,LightOJ,1077,1400,Medium,Math & Number Theory,"number theory, math",https://vjudge.net/contest/625721#problem/O,https://vjudge.net/problem/LightOJ-1077
958,625721,77,Beginner: Long Contest on Number Theory and Mathematics [2024],Beginner Contest,2024-04-29,P,To,LightOJ,1098,1400,Medium,Math & Number Theory,"number theory, math",https://vjudge.net/contest/625721#problem/P,https://vjudge.net/problem/LightOJ-1098
959,625721,77,Beginner: Long Contest on Number Theory and Mathematics [2024],Beginner Contest,2024-04-29,Q,Tho,LightOJ,1197,1400,Medium,Math & Number Theory,"number theory, math",https://vjudge.net/contest/625721#problem/Q,https://vjudge.net/problem/LightOJ-1197
960,625721,77,Beginner: Long Contest on Number Theory and Mathematics [2024],Beginner Contest,2024-04-29,R,Do,LightOJ,1289,1400,Medium,Math & Number Theory,"number theory, math",https://vjudge.net/contest/625721#problem/R,https://vjudge.net/problem/LightOJ-1289
961,625721,77,Beginner: Long Contest on Number Theory and Mathematics [2024],Beginner Contest,2024-04-29,S,Dho,LightOJ,1220,1400,Medium,Math & Number Theory,"number theory, math",https://vjudge.net/contest/625721#problem/S,https://vjudge.net/problem/LightOJ-1220
962,625721,77,Beginner: Long Contest on Number Theory and Mathematics [2024],Beginner Contest,2024-04-29,T,No,LightOJ,1215,1400,Medium,Math & Number Theory,"number theory, math",https://vjudge.net/contest/625721#problem/T,https://vjudge.net/problem/LightOJ-1215
963,625721,77,Beginner: Long Contest on Number Theory and Mathematics [2024],Beginner Contest,2024-04-29,U,Po,CodeForces,1656C,1200,Medium,Math & Number Theory,"constructive algorithms, math, number theory, sortings",https://vjudge.net/contest/625721#problem/U,https://vjudge.net/problem/CodeForces-1656C
964,625721,77,Beginner: Long Contest on Number Theory and Mathematics [2024],Beginner Contest,2024-04-29,V,Pho,CodeForces,1370A,800,Easy,Math & Number Theory,"greedy, implementation, math, number theory",https://vjudge.net/contest/625721#problem/V,https://vjudge.net/problem/CodeForces-1370A
965,625721,77,Beginner: Long Contest on Number Theory and Mathematics [2024],Beginner Contest,2024-04-29,W,Bo,CodeForces,1617B,900,Easy,Math & Number Theory,"brute force, constructive algorithms, math, number theory",https://vjudge.net/contest/625721#problem/W,https://vjudge.net/problem/CodeForces-1617B
966,625721,77,Beginner: Long Contest on Number Theory and Mathematics [2024],Beginner Contest,2024-04-29,X,Bho,SPOJ,PRIME1,1400,Medium,Math & Number Theory,"number theory, math",https://vjudge.net/contest/625721#problem/X,https://vjudge.net/problem/SPOJ-PRIME1
967,625721,77,Beginner: Long Contest on Number Theory and Mathematics [2024],Beginner Contest,2024-04-29,Y,Mo,SPOJ,LASTDIG,1400,Medium,Math & Number Theory,"number theory, math",https://vjudge.net/contest/625721#problem/Y,https://vjudge.net/problem/SPOJ-LASTDIG
968,625721,77,Beginner: Long Contest on Number Theory and Mathematics [2024],Beginner Contest,2024-04-29,Z,Zo,CodeForces,1295D,1800,Hard,Math & Number Theory,"math, number theory",https://vjudge.net/contest/625721#problem/Z,https://vjudge.net/problem/CodeForces-1295D
969,625721,77,Beginner: Long Contest on Number Theory and Mathematics [2024],Beginner Contest,2024-04-29,AA,Ro,HackerRank,john-and-gcd-list,900,Easy,Math & Number Theory,"number theory, math",https://vjudge.net/contest/625721#problem/AA,https://vjudge.net/problem/HackerRank-john-and-gcd-list
970,625721,77,Beginner: Long Contest on Number Theory and Mathematics [2024],Beginner Contest,2024-04-29,AB,Lo,CodeForces,1203C,1300,Medium,Math & Number Theory,"implementation, math",https://vjudge.net/contest/625721#problem/AB,https://vjudge.net/problem/CodeForces-1203C
971,625721,77,Beginner: Long Contest on Number Theory and Mathematics [2024],Beginner Contest,2024-04-29,AC,Sho,CodeForces,1946E,2200,Expert,Dynamic Programming,"combinatorics, dp, math, number theory",https://vjudge.net/contest/625721#problem/AC,https://vjudge.net/problem/CodeForces-1946E
972,625721,77,Beginner: Long Contest on Number Theory and Mathematics [2024],Beginner Contest,2024-04-29,AD,Congratulating Problem,CodeForces,1931D,1300,Medium,Math & Number Theory,"combinatorics, math, number theory",https://vjudge.net/contest/625721#problem/AD,https://vjudge.net/problem/CodeForces-1931D
973,639623,78,Beginner: Long Contest on Searching (Linear search and Binary search) [2024],Beginner Contest,2024-07-09,A,A,CodeForces,991C,1500,Medium,Binary Search & Two Pointers,"binary search, implementation",https://vjudge.net/contest/639623#problem/A,https://vjudge.net/problem/CodeForces-991C
974,639623,78,Beginner: Long Contest on Searching (Linear search and Binary search) [2024],Beginner Contest,2024-07-09,B,B,CodeForces,1166C,1500,Medium,Binary Search & Two Pointers,"binary search, sortings, two pointers",https://vjudge.net/contest/639623#problem/B,https://vjudge.net/problem/CodeForces-1166C
975,639623,78,Beginner: Long Contest on Searching (Linear search and Binary search) [2024],Beginner Contest,2024-07-09,C,C,LightOJ,1048,1060,Easy,Geometry,"geometry, math",https://vjudge.net/contest/639623#problem/C,https://vjudge.net/problem/LightOJ-1048
976,639623,78,Beginner: Long Contest on Searching (Linear search and Binary search) [2024],Beginner Contest,2024-07-09,D,D,LightOJ,1307,1140,Easy,Geometry,"geometry, math",https://vjudge.net/contest/639623#problem/D,https://vjudge.net/problem/LightOJ-1307
977,639623,78,Beginner: Long Contest on Searching (Linear search and Binary search) [2024],Beginner Contest,2024-07-09,E,E,LightOJ,1137,1220,Medium,Geometry,"geometry, math",https://vjudge.net/contest/639623#problem/E,https://vjudge.net/problem/LightOJ-1137
978,639623,78,Beginner: Long Contest on Searching (Linear search and Binary search) [2024],Beginner Contest,2024-07-09,F,F,LightOJ,1076,1300,Medium,Geometry,"geometry, math",https://vjudge.net/contest/639623#problem/F,https://vjudge.net/problem/LightOJ-1076
979,639623,78,Beginner: Long Contest on Searching (Linear search and Binary search) [2024],Beginner Contest,2024-07-09,G,G,LightOJ,1068,1380,Medium,Geometry,"geometry, math",https://vjudge.net/contest/639623#problem/G,https://vjudge.net/problem/LightOJ-1068
980,639623,78,Beginner: Long Contest on Searching (Linear search and Binary search) [2024],Beginner Contest,2024-07-09,H,H,LightOJ,1088,1400,Medium,Geometry,"geometry, math",https://vjudge.net/contest/639623#problem/H,https://vjudge.net/problem/LightOJ-1088
981,639623,78,Beginner: Long Contest on Searching (Linear search and Binary search) [2024],Beginner Contest,2024-07-09,I,I,LightOJ,1043,1400,Medium,Geometry,"geometry, math",https://vjudge.net/contest/639623#problem/I,https://vjudge.net/problem/LightOJ-1043
982,639623,78,Beginner: Long Contest on Searching (Linear search and Binary search) [2024],Beginner Contest,2024-07-09,J,J,CodeForces,1370D,2000,Expert,Dynamic Programming,"binary search, dp, dsu, greedy, implementation",https://vjudge.net/contest/639623#problem/J,https://vjudge.net/problem/CodeForces-1370D
983,639623,78,Beginner: Long Contest on Searching (Linear search and Binary search) [2024],Beginner Contest,2024-07-09,K,K,SPOJ,AGGRCOW,1400,Medium,Geometry,"geometry, math",https://vjudge.net/contest/639623#problem/K,https://vjudge.net/problem/SPOJ-AGGRCOW
984,639623,78,Beginner: Long Contest on Searching (Linear search and Binary search) [2024],Beginner Contest,2024-07-09,L,L,SPOJ,VECTAR4,1400,Medium,Geometry,"geometry, math",https://vjudge.net/contest/639623#problem/L,https://vjudge.net/problem/SPOJ-VECTAR4
985,639623,78,Beginner: Long Contest on Searching (Linear search and Binary search) [2024],Beginner Contest,2024-07-09,M,M,UVA,907,1400,Medium,Geometry,"geometry, math",https://vjudge.net/contest/639623#problem/M,https://vjudge.net/problem/UVA-907
986,639623,78,Beginner: Long Contest on Searching (Linear search and Binary search) [2024],Beginner Contest,2024-07-09,N,N,CodeForces,729C,1700,Hard,Binary Search & Two Pointers,"binary search, greedy, sortings",https://vjudge.net/contest/639623#problem/N,https://vjudge.net/problem/CodeForces-729C
987,639623,78,Beginner: Long Contest on Searching (Linear search and Binary search) [2024],Beginner Contest,2024-07-09,O,O,CodeForces,760B,1500,Medium,Binary Search & Two Pointers,"binary search, greedy",https://vjudge.net/contest/639623#problem/O,https://vjudge.net/problem/CodeForces-760B
988,639927,79,Practice Contest on Graph Problems [Batch 28],Topic Contest,2024-07-10,A,Building Roads,CSES,1666,1000,Easy,Graphs,"graphs, dsu, dfs and similar",https://vjudge.net/contest/639927#problem/A,https://vjudge.net/problem/CSES-1666
989,639927,79,Practice Contest on Graph Problems [Batch 28],Topic Contest,2024-07-10,B,Subordinates,CSES,1674,1100,Easy,Trees,"trees, dfs and similar, dp",https://vjudge.net/contest/639927#problem/B,https://vjudge.net/problem/CSES-1674
990,639927,79,Practice Contest on Graph Problems [Batch 28],Topic Contest,2024-07-10,C,Building Teams,CSES,1668,1100,Easy,Graphs,"graphs, bipartite, bfs",https://vjudge.net/contest/639927#problem/C,https://vjudge.net/problem/CSES-1668
991,639927,79,Practice Contest on Graph Problems [Batch 28],Topic Contest,2024-07-10,D,Kefa and Park,CodeForces,580C,1500,Medium,Trees,"dfs and similar, graphs, trees",https://vjudge.net/contest/639927#problem/D,https://vjudge.net/problem/CodeForces-580C
992,639927,79,Practice Contest on Graph Problems [Batch 28],Topic Contest,2024-07-10,E,Colorful Tree,Gym,100482A,1360,Medium,Trees,"trees, dfs and similar",https://vjudge.net/contest/639927#problem/E,https://vjudge.net/problem/Gym-100482A
993,639927,79,Practice Contest on Graph Problems [Batch 28],Topic Contest,2024-07-10,F,Counting Rooms,CSES,1192,1000,Easy,Graphs,"graphs, dfs and similar",https://vjudge.net/contest/639927#problem/F,https://vjudge.net/problem/CSES-1192
994,639927,79,Practice Contest on Graph Problems [Batch 28],Topic Contest,2024-07-10,G,Labyrinth,CSES,1193,1100,Easy,Graphs,"graphs, bfs",https://vjudge.net/contest/639927#problem/G,https://vjudge.net/problem/CSES-1193
995,639927,79,Practice Contest on Graph Problems [Batch 28],Topic Contest,2024-07-10,H,Monsters,CSES,1194,1300,Medium,Graphs,"graphs, bfs, shortest paths",https://vjudge.net/contest/639927#problem/H,https://vjudge.net/problem/CSES-1194
996,639927,79,Practice Contest on Graph Problems [Batch 28],Topic Contest,2024-07-10,I,Flight Discount,CSES,1195,1400,Medium,Graphs,"graphs, dijkstra, shortest paths",https://vjudge.net/contest/639927#problem/I,https://vjudge.net/problem/CSES-1195
997,639927,79,Practice Contest on Graph Problems [Batch 28],Topic Contest,2024-07-10,J,Flight Routes,CSES,1196,1600,Hard,Graphs,"graphs, dijkstra, shortest paths",https://vjudge.net/contest/639927#problem/J,https://vjudge.net/problem/CSES-1196
998,639927,79,Practice Contest on Graph Problems [Batch 28],Topic Contest,2024-07-10,K,Cycle Finding,CSES,1197,1600,Hard,Graphs,"graphs, bellman-ford, shortest paths",https://vjudge.net/contest/639927#problem/K,https://vjudge.net/problem/CSES-1197
999,639927,79,Practice Contest on Graph Problems [Batch 28],Topic Contest,2024-07-10,L,Maximize the Largest Component (Easy Version),CodeForces,1985H1,1700,Hard,Graphs,"brute force, data structures, dfs and similar, dsu, graphs, implementation",https://vjudge.net/contest/639927#problem/L,https://vjudge.net/problem/CodeForces-1985H1
1000,639927,79,Practice Contest on Graph Problems [Batch 28],Topic Contest,2024-07-10,M,Maximize the Largest Component (Hard Version),CodeForces,1985H2,2200,Expert,Dynamic Programming,"data structures, dfs and similar, dp, dsu, implementation",https://vjudge.net/contest/639927#problem/M,https://vjudge.net/problem/CodeForces-1985H2
1001,639927,79,Practice Contest on Graph Problems [Batch 28],Topic Contest,2024-07-10,N,Ada and Island,SPOJ,ADASEA,1800,Hard,Graphs,"graphs, dfs and similar",https://vjudge.net/contest/639927#problem/N,https://vjudge.net/problem/SPOJ-ADASEA
1002,639927,79,Practice Contest on Graph Problems [Batch 28],Topic Contest,2024-07-10,O,Minimum Knight moves !!!,SPOJ,NAKANJ,1800,Hard,Graphs,"graphs, dfs and similar",https://vjudge.net/contest/639927#problem/O,https://vjudge.net/problem/SPOJ-NAKANJ
1003,639927,79,Practice Contest on Graph Problems [Batch 28],Topic Contest,2024-07-10,P,Valid BFS?,CodeForces,1037D,1700,Hard,Trees,"dfs and similar, graphs, shortest paths, trees",https://vjudge.net/contest/639927#problem/P,https://vjudge.net/problem/CodeForces-1037D
1004,639927,79,Practice Contest on Graph Problems [Batch 28],Topic Contest,2024-07-10,Q,Bicycles,CodeForces,1915G,1800,Hard,Graphs,"graphs, greedy, implementation, shortest paths, sortings",https://vjudge.net/contest/639927#problem/Q,https://vjudge.net/problem/CodeForces-1915G
1005,639927,79,Practice Contest on Graph Problems [Batch 28],Topic Contest,2024-07-10,R,Dijkstra?,CodeForces,20C,1900,Hard,Graphs,"graphs, shortest paths",https://vjudge.net/contest/639927#problem/R,https://vjudge.net/problem/CodeForces-20C
1006,639927,79,Practice Contest on Graph Problems [Batch 28],Topic Contest,2024-07-10,S,Greg and Graph,CodeForces,295B,1700,Hard,Dynamic Programming,"dp, graphs, shortest paths",https://vjudge.net/contest/639927#problem/S,https://vjudge.net/problem/CodeForces-295B
1007,639927,79,Practice Contest on Graph Problems [Batch 28],Topic Contest,2024-07-10,T,Roads in Berland,CodeForces,25C,1900,Hard,Graphs,"graphs, shortest paths",https://vjudge.net/contest/639927#problem/T,https://vjudge.net/problem/CodeForces-25C
1008,639927,79,Practice Contest on Graph Problems [Batch 28],Topic Contest,2024-07-10,U,Roads not only in Berland,CodeForces,25D,1900,Hard,Trees,"dsu, graphs, trees",https://vjudge.net/contest/639927#problem/U,https://vjudge.net/problem/CodeForces-25D
1009,639927,79,Practice Contest on Graph Problems [Batch 28],Topic Contest,2024-07-10,V,Unionfind,Yosupo,unionfind,1800,Hard,Graphs,"graphs, dfs and similar",https://vjudge.net/contest/639927#problem/V,https://vjudge.net/problem/Yosupo-unionfind
1010,639927,79,Practice Contest on Graph Problems [Batch 28],Topic Contest,2024-07-10,W,Mocha and Diana (Easy Version),CodeForces,1559D1,1400,Medium,Trees,"brute force, constructive algorithms, dsu, graphs, greedy, trees",https://vjudge.net/contest/639927#problem/W,https://vjudge.net/problem/CodeForces-1559D1
1011,639927,79,Practice Contest on Graph Problems [Batch 28],Topic Contest,2024-07-10,X,Mocha and Diana (Hard Version),CodeForces,1559D2,2500,Expert,Trees,"brute force, constructive algorithms, dfs and similar, dsu, graphs, greedy, trees, two pointers",https://vjudge.net/contest/639927#problem/X,https://vjudge.net/problem/CodeForces-1559D2
1012,639927,79,Practice Contest on Graph Problems [Batch 28],Topic Contest,2024-07-10,Y,Unbelievable Array,Toph,unbelievable-array,1800,Hard,Graphs,"graphs, dfs and similar",https://vjudge.net/contest/639927#problem/Y,https://vjudge.net/problem/Toph-unbelievable-array
1013,639927,79,Practice Contest on Graph Problems [Batch 28],Topic Contest,2024-07-10,Z,Complete The Graph,CodeForces,715B,2300,Expert,Graphs,"binary search, constructive algorithms, graphs, shortest paths",https://vjudge.net/contest/639927#problem/Z,https://vjudge.net/problem/CodeForces-715B
1014,651860,80,Long Contest :: Centroid Decomposition,Topic Contest,2024-08-27,A,Finding a Centroid,CSES,2079,1600,Hard,Trees,"trees, centroid, dfs and similar",https://vjudge.net/contest/651860#problem/A,https://vjudge.net/problem/CSES-2079
1015,651860,80,Long Contest :: Centroid Decomposition,Topic Contest,2024-08-27,B,Ciel the Commander,CodeForces,321C,2100,Expert,Trees,"constructive algorithms, dfs and similar, divide and conquer, greedy, trees",https://vjudge.net/contest/651860#problem/B,https://vjudge.net/problem/CodeForces-321C
1016,651860,80,Long Contest :: Centroid Decomposition,Topic Contest,2024-08-27,C,Fixed-Length Paths I,CSES,2080,1900,Hard,Trees,"trees, centroid decomposition",https://vjudge.net/contest/651860#problem/C,https://vjudge.net/problem/CSES-2080
1017,651860,80,Long Contest :: Centroid Decomposition,Topic Contest,2024-08-27,D,Fixed-Length Paths II,CSES,2081,2200,Expert,Trees,"trees, centroid decomposition",https://vjudge.net/contest/651860#problem/D,https://vjudge.net/problem/CSES-2081
1018,651860,80,Long Contest :: Centroid Decomposition,Topic Contest,2024-08-27,E,Awesome Shawarma,Gym,101991A,1360,Medium,Trees,"trees, dfs and similar",https://vjudge.net/contest/651860#problem/E,https://vjudge.net/problem/Gym-101991A
1019,651860,80,Long Contest :: Centroid Decomposition,Topic Contest,2024-08-27,F,Daylight,Gym,102114D,1450,Medium,Trees,"trees, dfs and similar",https://vjudge.net/contest/651860#problem/F,https://vjudge.net/problem/Gym-102114D
1020,651860,80,Long Contest :: Centroid Decomposition,Topic Contest,2024-08-27,G,Xenia and Tree,CodeForces,342E,2400,Expert,Trees,"data structures, divide and conquer, trees",https://vjudge.net/contest/651860#problem/G,https://vjudge.net/problem/CodeForces-342E
1021,651860,80,Long Contest :: Centroid Decomposition,Topic Contest,2024-08-27,H,Palindromes in a Tree,CodeForces,914E,2400,Expert,Trees,"bitmasks, data structures, divide and conquer, trees",https://vjudge.net/contest/651860#problem/H,https://vjudge.net/problem/CodeForces-914E
1022,651860,80,Long Contest :: Centroid Decomposition,Topic Contest,2024-08-27,I,Village (Maximum),CodeForces,1387B2,2500,Expert,Trees,"*special, dfs and similar, trees",https://vjudge.net/contest/651860#problem/I,https://vjudge.net/problem/CodeForces-1387B2
1023,651860,80,Long Contest :: Centroid Decomposition,Topic Contest,2024-08-27,J,Digit Tree,CodeForces,716E,2700,Expert,Trees,"dfs and similar, divide and conquer, dsu, trees",https://vjudge.net/contest/651860#problem/J,https://vjudge.net/problem/CodeForces-716E
1024,651860,80,Long Contest :: Centroid Decomposition,Topic Contest,2024-08-27,K,Race,OJUZ,IOI11_race,1800,Hard,Trees,"trees, dfs and similar",https://vjudge.net/contest/651860#problem/K,https://vjudge.net/problem/OJUZ-IOI11_race
1025,651860,80,Long Contest :: Centroid Decomposition,Topic Contest,2024-08-27,L,COCI &#39;19 Contest 3 #4 Lampice,DMOJ,coci19c3p4,1800,Hard,Trees,"trees, dfs and similar",https://vjudge.net/contest/651860#problem/L,https://vjudge.net/problem/DMOJ-coci19c3p4
1026,651860,80,Long Contest :: Centroid Decomposition,Topic Contest,2024-08-27,M,Query on a tree V,SPOJ,QTREE5,1800,Hard,Trees,"trees, dfs and similar",https://vjudge.net/contest/651860#problem/M,https://vjudge.net/problem/SPOJ-QTREE5
1027,651860,80,Long Contest :: Centroid Decomposition,Topic Contest,2024-08-27,N,Prime Distance On Tree,CodeChef,PRIMEDST,1800,Hard,Trees,"trees, dfs and similar",https://vjudge.net/contest/651860#problem/N,https://vjudge.net/problem/CodeChef-PRIMEDST
1028,651860,80,Long Contest :: Centroid Decomposition,Topic Contest,2024-08-27,O,Close Vertices,CodeForces,293E,2700,Expert,Trees,"data structures, divide and conquer, trees",https://vjudge.net/contest/651860#problem/O,https://vjudge.net/problem/CodeForces-293E
1029,651860,80,Long Contest :: Centroid Decomposition,Topic Contest,2024-08-27,P,LWDB,Gym,100633D,1800,Hard,Trees,"trees, dfs and similar",https://vjudge.net/contest/651860#problem/P,https://vjudge.net/problem/Gym-100633D
1030,651860,80,Long Contest :: Centroid Decomposition,Topic Contest,2024-08-27,Q,Tree Query,Gym,100570F,1800,Hard,Trees,"trees, dfs and similar",https://vjudge.net/contest/651860#problem/Q,https://vjudge.net/problem/Gym-100570F
1031,651860,80,Long Contest :: Centroid Decomposition,Topic Contest,2024-08-27,R,Kirito in Memeland,CodeChef,KIRMEME,1800,Hard,Trees,"trees, dfs and similar",https://vjudge.net/contest/651860#problem/R,https://vjudge.net/problem/CodeChef-KIRMEME
1032,651860,80,Long Contest :: Centroid Decomposition,Topic Contest,2024-08-27,S,Chef and Path,CodeChef,STETSKLX,1800,Hard,Trees,"trees, dfs and similar",https://vjudge.net/contest/651860#problem/S,https://vjudge.net/problem/CodeChef-STETSKLX
1033,651860,80,Long Contest :: Centroid Decomposition,Topic Contest,2024-08-27,T,Vacation,CodeChef,TESTERS,1800,Hard,Trees,"trees, dfs and similar",https://vjudge.net/contest/651860#problem/T,https://vjudge.net/problem/CodeChef-TESTERS
1034,651860,80,Long Contest :: Centroid Decomposition,Topic Contest,2024-08-27,U,Sum on Tree,CodeChef,TSUM2,1800,Hard,Trees,"trees, dfs and similar",https://vjudge.net/contest/651860#problem/U,https://vjudge.net/problem/CodeChef-TSUM2
1035,651860,80,Long Contest :: Centroid Decomposition,Topic Contest,2024-08-27,V,Chef and Pairs,CodeChef,PAIRCNT,1800,Hard,Trees,"trees, dfs and similar",https://vjudge.net/contest/651860#problem/V,https://vjudge.net/problem/CodeChef-PAIRCNT
1036,651860,80,Long Contest :: Centroid Decomposition,Topic Contest,2024-08-27,W,Perfect Matching on a Tree,AtCoder,abc362_f,2458,Expert,Trees,trees,https://vjudge.net/contest/651860#problem/W,https://vjudge.net/problem/AtCoder-abc362_f
1037,651860,80,Long Contest :: Centroid Decomposition,Topic Contest,2024-08-27,X,Mahmoud and a xor trip,CodeForces,766E,2100,Expert,Dynamic Programming,"bitmasks, constructive algorithms, data structures, dfs and similar, dp, math, trees",https://vjudge.net/contest/651860#problem/X,https://vjudge.net/problem/CodeForces-766E
1038,651860,80,Long Contest :: Centroid Decomposition,Topic Contest,2024-08-27,Y,Divisible Distances,CodeChef,DIVDIST,1800,Hard,Trees,"trees, dfs and similar",https://vjudge.net/contest/651860#problem/Y,https://vjudge.net/problem/CodeChef-DIVDIST
1039,651860,80,Long Contest :: Centroid Decomposition,Topic Contest,2024-08-27,Z,"Chef, Leonardo And Queries",CodeChef,CHEFFIB,1800,Hard,Trees,"trees, dfs and similar",https://vjudge.net/contest/651860#problem/Z,https://vjudge.net/problem/CodeChef-CHEFFIB
1040,653334,81,Beginner: Long Contest on Suffix and Prefix Operations [2024],Beginner Contest,2024-09-04,A,P01,Gym,105190M,900,Easy,Strings,"strings, hashing",https://vjudge.net/contest/653334#problem/A,https://vjudge.net/problem/Gym-105190M
1041,653334,81,Beginner: Long Contest on Suffix and Prefix Operations [2024],Beginner Contest,2024-09-04,B,P02,Gym,105223C,980,Easy,Strings,"strings, hashing",https://vjudge.net/contest/653334#problem/B,https://vjudge.net/problem/Gym-105223C
1042,653334,81,Beginner: Long Contest on Suffix and Prefix Operations [2024],Beginner Contest,2024-09-04,C,P03,CodeForces,1982D,1700,Hard,Math & Number Theory,"brute force, data structures, implementation, math, number theory",https://vjudge.net/contest/653334#problem/C,https://vjudge.net/problem/CodeForces-1982D
1043,653334,81,Beginner: Long Contest on Suffix and Prefix Operations [2024],Beginner Contest,2024-09-04,D,P04,CodeForces,1968F,1800,Hard,Data Structures,"binary search, data structures",https://vjudge.net/contest/653334#problem/D,https://vjudge.net/problem/CodeForces-1968F
1044,653334,81,Beginner: Long Contest on Suffix and Prefix Operations [2024],Beginner Contest,2024-09-04,E,P05,CodeForces,1957D,1900,Hard,Dynamic Programming,"bitmasks, brute force, dp, math",https://vjudge.net/contest/653334#problem/E,https://vjudge.net/problem/CodeForces-1957D
1045,653334,81,Beginner: Long Contest on Suffix and Prefix Operations [2024],Beginner Contest,2024-09-04,F,P06,Gym,105020B,1300,Medium,Strings,"strings, hashing",https://vjudge.net/contest/653334#problem/F,https://vjudge.net/problem/Gym-105020B
1046,653334,81,Beginner: Long Contest on Suffix and Prefix Operations [2024],Beginner Contest,2024-09-04,G,P07,CodeForces,1923D,1800,Hard,Data Structures,"binary search, constructive algorithms, data structures, greedy, two pointers",https://vjudge.net/contest/653334#problem/G,https://vjudge.net/problem/CodeForces-1923D
1047,653334,81,Beginner: Long Contest on Suffix and Prefix Operations [2024],Beginner Contest,2024-09-04,H,P08,Gym,103940G,1400,Medium,Strings,"strings, hashing",https://vjudge.net/contest/653334#problem/H,https://vjudge.net/problem/Gym-103940G
1048,653334,81,Beginner: Long Contest on Suffix and Prefix Operations [2024],Beginner Contest,2024-09-04,I,P09,CodeForces,1915E,1300,Medium,Math & Number Theory,"data structures, greedy, math",https://vjudge.net/contest/653334#problem/I,https://vjudge.net/problem/CodeForces-1915E
1049,653334,81,Beginner: Long Contest on Suffix and Prefix Operations [2024],Beginner Contest,2024-09-04,J,P10,CodeForces,1903C,1400,Medium,Games & Constructive,"constructive algorithms, greedy",https://vjudge.net/contest/653334#problem/J,https://vjudge.net/problem/CodeForces-1903C
1050,653334,81,Beginner: Long Contest on Suffix and Prefix Operations [2024],Beginner Contest,2024-09-04,K,P11,CodeForces,1731C,1700,Hard,Math & Number Theory,"bitmasks, brute force, hashing, math, number theory",https://vjudge.net/contest/653334#problem/K,https://vjudge.net/problem/CodeForces-1731C
1051,653334,81,Beginner: Long Contest on Suffix and Prefix Operations [2024],Beginner Contest,2024-09-04,L,P12,CodeForces,1884C,1700,Hard,Dynamic Programming,"brute force, data structures, dp, greedy, sortings",https://vjudge.net/contest/653334#problem/L,https://vjudge.net/problem/CodeForces-1884C
1052,653334,81,Beginner: Long Contest on Suffix and Prefix Operations [2024],Beginner Contest,2024-09-04,M,P13,Gym,104679E,1400,Medium,Strings,"strings, hashing",https://vjudge.net/contest/653334#problem/M,https://vjudge.net/problem/Gym-104679E
1053,653334,81,Beginner: Long Contest on Suffix and Prefix Operations [2024],Beginner Contest,2024-09-04,N,P14,Gym,104663K,1400,Medium,Strings,"strings, hashing",https://vjudge.net/contest/653334#problem/N,https://vjudge.net/problem/Gym-104663K
1054,653334,81,Beginner: Long Contest on Suffix and Prefix Operations [2024],Beginner Contest,2024-09-04,O,P15,Gym,104555I,1400,Medium,Strings,"strings, hashing",https://vjudge.net/contest/653334#problem/O,https://vjudge.net/problem/Gym-104555I
1055,653334,81,Beginner: Long Contest on Suffix and Prefix Operations [2024],Beginner Contest,2024-09-04,P,P16,CodeForces,1878E,1400,Medium,Data Structures,"binary search, bitmasks, data structures, greedy",https://vjudge.net/contest/653334#problem/P,https://vjudge.net/problem/CodeForces-1878E
1056,653334,81,Beginner: Long Contest on Suffix and Prefix Operations [2024],Beginner Contest,2024-09-04,Q,P17,Gym,101911F,1400,Medium,Strings,"strings, hashing",https://vjudge.net/contest/653334#problem/Q,https://vjudge.net/problem/Gym-101911F
1057,653334,81,Beginner: Long Contest on Suffix and Prefix Operations [2024],Beginner Contest,2024-09-04,R,P18,Gym,104493K,1400,Medium,Strings,"strings, hashing",https://vjudge.net/contest/653334#problem/R,https://vjudge.net/problem/Gym-104493K
1058,653334,81,Beginner: Long Contest on Suffix and Prefix Operations [2024],Beginner Contest,2024-09-04,S,P19,CodeForces,1516B,1500,Medium,Dynamic Programming,"bitmasks, brute force, dp, greedy",https://vjudge.net/contest/653334#problem/S,https://vjudge.net/problem/CodeForces-1516B
1059,653334,81,Beginner: Long Contest on Suffix and Prefix Operations [2024],Beginner Contest,2024-09-04,T,P20,CodeForces,1555C,1300,Medium,Dynamic Programming,"brute force, constructive algorithms, dp, implementation",https://vjudge.net/contest/653334#problem/T,https://vjudge.net/problem/CodeForces-1555C
1060,653334,81,Beginner: Long Contest on Suffix and Prefix Operations [2024],Beginner Contest,2024-09-04,U,P21,Gym,103785D,1400,Medium,Strings,"strings, hashing",https://vjudge.net/contest/653334#problem/U,https://vjudge.net/problem/Gym-103785D
1061,653334,81,Beginner: Long Contest on Suffix and Prefix Operations [2024],Beginner Contest,2024-09-04,V,P22,CodeForces,276C,1500,Medium,Data Structures,"data structures, greedy, implementation, sortings",https://vjudge.net/contest/653334#problem/V,https://vjudge.net/problem/CodeForces-276C
1062,653334,81,Beginner: Long Contest on Suffix and Prefix Operations [2024],Beginner Contest,2024-09-04,W,P23,CodeForces,816B,1400,Medium,Data Structures,"binary search, data structures, implementation",https://vjudge.net/contest/653334#problem/W,https://vjudge.net/problem/CodeForces-816B
1063,653334,81,Beginner: Long Contest on Suffix and Prefix Operations [2024],Beginner Contest,2024-09-04,X,P24,CodeForces,602B,1400,Medium,Dynamic Programming,"dp, implementation, two pointers",https://vjudge.net/contest/653334#problem/X,https://vjudge.net/problem/CodeForces-602B
1064,653334,81,Beginner: Long Contest on Suffix and Prefix Operations [2024],Beginner Contest,2024-09-04,Y,P25,CodeForces,1829G,1600,Hard,Dynamic Programming,"data structures, dp, implementation, math",https://vjudge.net/contest/653334#problem/Y,https://vjudge.net/problem/CodeForces-1829G
1065,653334,81,Beginner: Long Contest on Suffix and Prefix Operations [2024],Beginner Contest,2024-09-04,Z,P26,CodeForces,1818C,1400,Medium,Strings,"strings, hashing",https://vjudge.net/contest/653334#problem/Z,https://vjudge.net/problem/CodeForces-1818C
1066,653334,81,Beginner: Long Contest on Suffix and Prefix Operations [2024],Beginner Contest,2024-09-04,AA,P27,Gym,104333I,900,Easy,Strings,"strings, hashing",https://vjudge.net/contest/653334#problem/AA,https://vjudge.net/problem/Gym-104333I
1067,653334,81,Beginner: Long Contest on Suffix and Prefix Operations [2024],Beginner Contest,2024-09-04,AB,P28,CSES,1660,1000,Easy,Binary Search & Two Pointers,"two pointers, prefix sums",https://vjudge.net/contest/653334#problem/AB,https://vjudge.net/problem/CSES-1660
1068,653334,81,Beginner: Long Contest on Suffix and Prefix Operations [2024],Beginner Contest,2024-09-04,AC,P29,CSES,1662,1200,Medium,Math & Number Theory,"prefix sums, modulo, math",https://vjudge.net/contest/653334#problem/AC,https://vjudge.net/problem/CSES-1662
1069,653334,81,Beginner: Long Contest on Suffix and Prefix Operations [2024],Beginner Contest,2024-09-04,AD,P30,CSES,1646,900,Easy,Data Structures,"data structures, prefix sums",https://vjudge.net/contest/653334#problem/AD,https://vjudge.net/problem/CSES-1646
1070,653334,81,Beginner: Long Contest on Suffix and Prefix Operations [2024],Beginner Contest,2024-09-04,AE,P31,CSES,1650,1000,Easy,Data Structures,"data structures, prefix sums, bit manipulation",https://vjudge.net/contest/653334#problem/AE,https://vjudge.net/problem/CSES-1650
1071,653334,81,Beginner: Long Contest on Suffix and Prefix Operations [2024],Beginner Contest,2024-09-04,AF,P32,CSES,1652,1100,Easy,Data Structures,"data structures, 2d prefix sums",https://vjudge.net/contest/653334#problem/AF,https://vjudge.net/problem/CSES-1652
1072,653334,81,Beginner: Long Contest on Suffix and Prefix Operations [2024],Beginner Contest,2024-09-04,AG,P33,CodeForces,1879D,1700,Hard,Dynamic Programming,"bitmasks, combinatorics, divide and conquer, dp, math",https://vjudge.net/contest/653334#problem/AG,https://vjudge.net/problem/CodeForces-1879D
1073,653334,81,Beginner: Long Contest on Suffix and Prefix Operations [2024],Beginner Contest,2024-09-04,AH,P34,CodeForces,1996E,1600,Hard,Math & Number Theory,"combinatorics, data structures, implementation, math",https://vjudge.net/contest/653334#problem/AH,https://vjudge.net/problem/CodeForces-1996E
1074,653334,81,Beginner: Long Contest on Suffix and Prefix Operations [2024],Beginner Contest,2024-09-04,AI,P35,CodeForces,2008E,1500,Medium,Dynamic Programming,"brute force, data structures, dp, greedy, implementation, strings",https://vjudge.net/contest/653334#problem/AI,https://vjudge.net/problem/CodeForces-2008E
1075,653334,81,Beginner: Long Contest on Suffix and Prefix Operations [2024],Beginner Contest,2024-09-04,AJ,P36,CodeForces,2000E,1400,Medium,Math & Number Theory,"combinatorics, data structures, greedy, math",https://vjudge.net/contest/653334#problem/AJ,https://vjudge.net/problem/CodeForces-2000E
1076,653334,81,Beginner: Long Contest on Suffix and Prefix Operations [2024],Beginner Contest,2024-09-04,AK,P37,CodeForces,1938C,1900,Hard,Implementation,,https://vjudge.net/contest/653334#problem/AK,https://vjudge.net/problem/CodeForces-1938C
1077,653334,81,Beginner: Long Contest on Suffix and Prefix Operations [2024],Beginner Contest,2024-09-04,AL,P38,AtCoder,abc278_e,1472,Medium,Data Structures,"data structures, dp, graphs",https://vjudge.net/contest/653334#problem/AL,https://vjudge.net/problem/AtCoder-abc278_e
1078,655724,82,Team Practice Contest - 1 2024,Team Practice,2024-09-17,A,A,Gym,105123A,1100,Easy,Implementation,implementation,https://vjudge.net/contest/655724#problem/A,https://vjudge.net/problem/Gym-105123A
1079,655724,82,Team Practice Contest - 1 2024,Team Practice,2024-09-17,B,B,Gym,105123B,1200,Medium,Implementation,implementation,https://vjudge.net/contest/655724#problem/B,https://vjudge.net/problem/Gym-105123B
1080,655724,82,Team Practice Contest - 1 2024,Team Practice,2024-09-17,C,C,Gym,105123C,1300,Medium,Implementation,implementation,https://vjudge.net/contest/655724#problem/C,https://vjudge.net/problem/Gym-105123C
1081,655724,82,Team Practice Contest - 1 2024,Team Practice,2024-09-17,D,D,Gym,105123D1,1400,Medium,Implementation,implementation,https://vjudge.net/contest/655724#problem/D,https://vjudge.net/problem/Gym-105123D1
1082,655724,82,Team Practice Contest - 1 2024,Team Practice,2024-09-17,E,E,Gym,105123D2,1500,Medium,Implementation,implementation,https://vjudge.net/contest/655724#problem/E,https://vjudge.net/problem/Gym-105123D2
1083,655724,82,Team Practice Contest - 1 2024,Team Practice,2024-09-17,F,F,Gym,105123E,1600,Hard,Implementation,implementation,https://vjudge.net/contest/655724#problem/F,https://vjudge.net/problem/Gym-105123E
1084,655724,82,Team Practice Contest - 1 2024,Team Practice,2024-09-17,G,G,Gym,105123F,1700,Hard,Implementation,implementation,https://vjudge.net/contest/655724#problem/G,https://vjudge.net/problem/Gym-105123F
1085,655724,82,Team Practice Contest - 1 2024,Team Practice,2024-09-17,H,H,Gym,105123G,1800,Hard,Implementation,implementation,https://vjudge.net/contest/655724#problem/H,https://vjudge.net/problem/Gym-105123G
1086,655724,82,Team Practice Contest - 1 2024,Team Practice,2024-09-17,I,I,Gym,105123H,1900,Hard,Implementation,implementation,https://vjudge.net/contest/655724#problem/I,https://vjudge.net/problem/Gym-105123H
1087,655724,82,Team Practice Contest - 1 2024,Team Practice,2024-09-17,J,J,Gym,105123I,2000,Expert,Implementation,implementation,https://vjudge.net/contest/655724#problem/J,https://vjudge.net/problem/Gym-105123I
1088,681479,83,Team Forming 2025 Onsite -1,Team Forming,2024-12-23,A,Bingo,Gym,103627B,1200,Medium,Implementation,implementation,https://vjudge.net/contest/681479#problem/A,https://vjudge.net/problem/Gym-103627B
1089,681479,83,Team Forming 2025 Onsite -1,Team Forming,2024-12-23,B,Business Magic,Gym,105383B,1310,Medium,Implementation,implementation,https://vjudge.net/contest/681479#problem/B,https://vjudge.net/problem/Gym-105383B
1090,681479,83,Team Forming 2025 Onsite -1,Team Forming,2024-12-23,C,Yet Another Interval Graph Problem,Gym,103627E,1420,Medium,Graphs,"graphs, dfs and similar",https://vjudge.net/contest/681479#problem/C,https://vjudge.net/problem/Gym-103627E
1091,681479,83,Team Forming 2025 Onsite -1,Team Forming,2024-12-23,D,Xenia and Ringroad,CodeForces,339B,1000,Easy,Implementation,implementation,https://vjudge.net/contest/681479#problem/D,https://vjudge.net/problem/CodeForces-339B
1092,681479,83,Team Forming 2025 Onsite -1,Team Forming,2024-12-23,E,Guarding Bananas,LightOJ,1203,1640,Hard,Implementation,implementation,https://vjudge.net/contest/681479#problem/E,https://vjudge.net/problem/LightOJ-1203
1093,681479,83,Team Forming 2025 Onsite -1,Team Forming,2024-12-23,F,Tree XOR,Gym,105264F,1750,Hard,Trees,"trees, dfs and similar",https://vjudge.net/contest/681479#problem/F,https://vjudge.net/problem/Gym-105264F
1094,681479,83,Team Forming 2025 Onsite -1,Team Forming,2024-12-23,G,Kuriyama Mirai's Stones,CodeForces,433B,1200,Medium,Dynamic Programming,"dp, implementation, sortings",https://vjudge.net/contest/681479#problem/G,https://vjudge.net/problem/CodeForces-433B
1095,681479,83,Team Forming 2025 Onsite -1,Team Forming,2024-12-23,H,Good Array,Gym,105264H,1970,Hard,Implementation,implementation,https://vjudge.net/contest/681479#problem/H,https://vjudge.net/problem/Gym-105264H
1096,681479,83,Team Forming 2025 Onsite -1,Team Forming,2024-12-23,I,Field Should Not Be Empty,CodeForces,1905F,2600,Expert,Data Structures,"brute force, data structures, divide and conquer",https://vjudge.net/contest/681479#problem/I,https://vjudge.net/problem/CodeForces-1905F
1097,681479,83,Team Forming 2025 Onsite -1,Team Forming,2024-12-23,J,Largest Subsequence,CodeForces,1905C,1400,Medium,Strings,"greedy, strings",https://vjudge.net/contest/681479#problem/J,https://vjudge.net/problem/CodeForces-1905C
1098,682800,84,Team Forming 2025 Onsite -2,Team Forming,2024-12-30,A,A,CodeForces,155A,800,Easy,Implementation,brute force,https://vjudge.net/contest/682800#problem/A,https://vjudge.net/problem/CodeForces-155A
1099,682800,84,Team Forming 2025 Onsite -2,Team Forming,2024-12-30,B,C,CodeForces,1763B,1200,Medium,Math & Number Theory,"binary search, brute force, data structures, implementation, math, sortings",https://vjudge.net/contest/682800#problem/B,https://vjudge.net/problem/CodeForces-1763B
1100,682800,84,Team Forming 2025 Onsite -2,Team Forming,2024-12-30,C,D,CodeForces,385C,1700,Hard,Dynamic Programming,"binary search, brute force, data structures, dp, implementation, math, number theory",https://vjudge.net/contest/682800#problem/C,https://vjudge.net/problem/CodeForces-385C
1101,682800,84,Team Forming 2025 Onsite -2,Team Forming,2024-12-30,D,E,CodeForces,229D,2100,Expert,Dynamic Programming,"dp, greedy, two pointers",https://vjudge.net/contest/682800#problem/D,https://vjudge.net/problem/CodeForces-229D
1102,682800,84,Team Forming 2025 Onsite -2,Team Forming,2024-12-30,E,F,CodeForces,1540A,1400,Medium,Graphs,"constructive algorithms, graphs, greedy, shortest paths, sortings",https://vjudge.net/contest/682800#problem/E,https://vjudge.net/problem/CodeForces-1540A
1103,682800,84,Team Forming 2025 Onsite -2,Team Forming,2024-12-30,F,G,CodeForces,61E,1900,Hard,Trees,"data structures, trees",https://vjudge.net/contest/682800#problem/F,https://vjudge.net/problem/CodeForces-61E
1104,682800,84,Team Forming 2025 Onsite -2,Team Forming,2024-12-30,G,H,CodeForces,1582B,900,Easy,Math & Number Theory,"combinatorics, math",https://vjudge.net/contest/682800#problem/G,https://vjudge.net/problem/CodeForces-1582B
1105,682800,84,Team Forming 2025 Onsite -2,Team Forming,2024-12-30,H,I,CodeForces,2046B,1600,Hard,Data Structures,"binary search, data structures, greedy, sortings",https://vjudge.net/contest/682800#problem/H,https://vjudge.net/problem/CodeForces-2046B
1106,682800,84,Team Forming 2025 Onsite -2,Team Forming,2024-12-30,I,K,CodeForces,1833G,1800,Hard,Dynamic Programming,"constructive algorithms, dfs and similar, dp, dsu, greedy, implementation, trees",https://vjudge.net/contest/682800#problem/I,https://vjudge.net/problem/CodeForces-1833G
1107,682800,84,Team Forming 2025 Onsite -2,Team Forming,2024-12-30,J,L,CodeForces,79C,1800,Hard,Dynamic Programming,"data structures, dp, greedy, hashing, strings, two pointers",https://vjudge.net/contest/682800#problem/J,https://vjudge.net/problem/CodeForces-79C
1108,682800,84,Team Forming 2025 Onsite -2,Team Forming,2024-12-30,K,M,CodeForces,554A,900,Easy,Math & Number Theory,"brute force, math, strings",https://vjudge.net/contest/682800#problem/K,https://vjudge.net/problem/CodeForces-554A
1109,802104,85,Team Forming 2026 Onsite - 1,Team Forming,2026-04-04,A,A,AtCoder,abc279_a,800,Easy,Implementation,"implementation, basic math",https://vjudge.net/contest/802104#problem/A,https://vjudge.net/problem/AtCoder-abc279_a
1110,802104,85,Team Forming 2026 Onsite - 1,Team Forming,2026-04-04,B,B,AtCoder,abc101_b,800,Easy,Implementation,"implementation, basic math",https://vjudge.net/contest/802104#problem/B,https://vjudge.net/problem/AtCoder-abc101_b
1111,802104,85,Team Forming 2026 Onsite - 1,Team Forming,2026-04-04,C,C,CodeForces,1763B,1200,Medium,Math & Number Theory,"binary search, brute force, data structures, implementation, math, sortings",https://vjudge.net/contest/802104#problem/C,https://vjudge.net/problem/CodeForces-1763B
1112,802104,85,Team Forming 2026 Onsite - 1,Team Forming,2026-04-04,D,D,CodeForces,1763C,2000,Expert,Games & Constructive,"brute force, constructive algorithms, greedy",https://vjudge.net/contest/802104#problem/D,https://vjudge.net/problem/CodeForces-1763C
1113,802104,85,Team Forming 2026 Onsite - 1,Team Forming,2026-04-04,E,E,CodeForces,1192B,1200,Medium,Trees,"*special, data structures, dfs and similar, divide and conquer, trees",https://vjudge.net/contest/802104#problem/E,https://vjudge.net/problem/CodeForces-1192B
1114,802104,85,Team Forming 2026 Onsite - 1,Team Forming,2026-04-04,F,F,CodeForces,1320C,2000,Expert,Data Structures,"brute force, data structures, sortings",https://vjudge.net/contest/802104#problem/F,https://vjudge.net/problem/CodeForces-1320C
1115,802104,85,Team Forming 2026 Onsite - 1,Team Forming,2026-04-04,G,G,CodeForces,1822G2,2200,Expert,Math & Number Theory,"brute force, data structures, math, number theory",https://vjudge.net/contest/802104#problem/G,https://vjudge.net/problem/CodeForces-1822G2
1116,802104,85,Team Forming 2026 Onsite - 1,Team Forming,2026-04-04,H,H,CodeForces,763A,1600,Hard,Dynamic Programming,"dfs and similar, dp, dsu, graphs, implementation, trees",https://vjudge.net/contest/802104#problem/H,https://vjudge.net/problem/CodeForces-763A
1117,802104,85,Team Forming 2026 Onsite - 1,Team Forming,2026-04-04,I,I,CodeForces,1738F,2400,Expert,Trees,"constructive algorithms, dsu, graphs, greedy, interactive, shortest paths, trees",https://vjudge.net/contest/802104#problem/I,https://vjudge.net/problem/CodeForces-1738F
1118,802104,85,Team Forming 2026 Onsite - 1,Team Forming,2026-04-04,J,J,CodeForces,1400E,2200,Expert,Dynamic Programming,"data structures, divide and conquer, dp, greedy",https://vjudge.net/contest/802104#problem/J,https://vjudge.net/problem/CodeForces-1400E
1119,802757,86,Team Forming 2026 Onsite - 2,Team Forming,2026-04-06,A,A,CodeForces,1537E1,1600,Hard,Dynamic Programming,"binary search, brute force, dp, greedy, hashing, implementation, string suffix structures, strings, two pointers",https://vjudge.net/contest/802757#problem/A,https://vjudge.net/problem/CodeForces-1537E1
1120,802757,86,Team Forming 2026 Onsite - 2,Team Forming,2026-04-06,B,B,AtCoder,abc199_a,800,Easy,Implementation,"implementation, basic math",https://vjudge.net/contest/802757#problem/B,https://vjudge.net/problem/AtCoder-abc199_a
1121,802757,86,Team Forming 2026 Onsite - 2,Team Forming,2026-04-06,C,C,AtCoder,abc410_f,2066,Expert,Advanced Algorithms,"advanced algorithms, hard math, hard dp",https://vjudge.net/contest/802757#problem/C,https://vjudge.net/problem/AtCoder-abc410_f
1122,802757,86,Team Forming 2026 Onsite - 2,Team Forming,2026-04-06,D,D,CodeForces,1805E,2300,Expert,Dynamic Programming,"brute force, data structures, dfs and similar, dp, trees, two pointers",https://vjudge.net/contest/802757#problem/D,https://vjudge.net/problem/CodeForces-1805E
1123,802757,86,Team Forming 2026 Onsite - 2,Team Forming,2026-04-06,E,E,CodeForces,1882B,1300,Medium,Games & Constructive,"bitmasks, brute force, constructive algorithms, greedy",https://vjudge.net/contest/802757#problem/E,https://vjudge.net/problem/CodeForces-1882B
1124,802757,86,Team Forming 2026 Onsite - 2,Team Forming,2026-04-06,F,F,CodeForces,2025E,2200,Expert,Dynamic Programming,"combinatorics, dp, fft, greedy, math",https://vjudge.net/contest/802757#problem/F,https://vjudge.net/problem/CodeForces-2025E
1125,802757,86,Team Forming 2026 Onsite - 2,Team Forming,2026-04-06,G,G,CodeForces,1106D,1500,Medium,Graphs,"data structures, dfs and similar, graphs, greedy, shortest paths",https://vjudge.net/contest/802757#problem/G,https://vjudge.net/problem/CodeForces-1106D
1126,802757,86,Team Forming 2026 Onsite - 2,Team Forming,2026-04-06,H,H,CodeForces,1091C,1400,Medium,Math & Number Theory,"math, number theory",https://vjudge.net/contest/802757#problem/H,https://vjudge.net/problem/CodeForces-1091C
1127,802757,86,Team Forming 2026 Onsite - 2,Team Forming,2026-04-06,I,I,CodeForces,1665C,1600,Hard,Trees,"binary search, greedy, sortings, trees",https://vjudge.net/contest/802757#problem/I,https://vjudge.net/problem/CodeForces-1665C
1128,802757,86,Team Forming 2026 Onsite - 2,Team Forming,2026-04-06,J,J,CodeForces,1193B,1200,Medium,Dynamic Programming,"*special, data structures, dp, trees",https://vjudge.net/contest/802757#problem/J,https://vjudge.net/problem/CodeForces-1193B
1129,804183,87,Team Forming 2026 Onsite - 3,Team Forming,2026-04-11,A,String protocol,CodeChef,STRP,1200,Medium,Strings,"strings, hashing",https://vjudge.net/contest/804183#problem/A,https://vjudge.net/problem/CodeChef-STRP
1130,804183,87,Team Forming 2026 Onsite - 3,Team Forming,2026-04-11,B,Good Pairs,CodeChef,EQPAIR,1310,Medium,Implementation,implementation,https://vjudge.net/contest/804183#problem/B,https://vjudge.net/problem/CodeChef-EQPAIR
1131,804183,87,Team Forming 2026 Onsite - 3,Team Forming,2026-04-11,C,Xorry 1,CodeChef,XORRY1,1420,Medium,Implementation,implementation,https://vjudge.net/contest/804183#problem/C,https://vjudge.net/problem/CodeChef-XORRY1
1132,804183,87,Team Forming 2026 Onsite - 3,Team Forming,2026-04-11,D,Binary Removals,CodeChef,BINREM,1530,Medium,Implementation,implementation,https://vjudge.net/contest/804183#problem/D,https://vjudge.net/problem/CodeChef-BINREM
1133,804183,87,Team Forming 2026 Onsite - 3,Team Forming,2026-04-11,E,Robot Movings,CodeChef,MOVES,1640,Hard,Implementation,implementation,https://vjudge.net/contest/804183#problem/E,https://vjudge.net/problem/CodeChef-MOVES
1134,804183,87,Team Forming 2026 Onsite - 3,Team Forming,2026-04-11,F,Maximise Sum,CodeChef,MAXIMISESUM,1750,Hard,Implementation,implementation,https://vjudge.net/contest/804183#problem/F,https://vjudge.net/problem/CodeChef-MAXIMISESUM
1135,804183,87,Team Forming 2026 Onsite - 3,Team Forming,2026-04-11,G,Mystic Slimes,CodeChef,MYSSLIME,1860,Hard,Implementation,implementation,https://vjudge.net/contest/804183#problem/G,https://vjudge.net/problem/CodeChef-MYSSLIME
1136,804183,87,Team Forming 2026 Onsite - 3,Team Forming,2026-04-11,H,Range MEX,CodeChef,RANGEMEX7,1970,Hard,Implementation,implementation,https://vjudge.net/contest/804183#problem/H,https://vjudge.net/problem/CodeChef-RANGEMEX7
1137,804183,87,Team Forming 2026 Onsite - 3,Team Forming,2026-04-11,I,Top 2 Max,CodeChef,MAX27,2080,Expert,Implementation,implementation,https://vjudge.net/contest/804183#problem/I,https://vjudge.net/problem/CodeChef-MAX27
1138,804183,87,Team Forming 2026 Onsite - 3,Team Forming,2026-04-11,J,Array Concatanation,CodeChef,ARRCONCAT,2190,Expert,Implementation,implementation,https://vjudge.net/contest/804183#problem/J,https://vjudge.net/problem/CodeChef-ARRCONCAT
1139,804183,87,Team Forming 2026 Onsite - 3,Team Forming,2026-04-11,K,Sorting Array,CodeChef,SORTRRAY,2300,Expert,Implementation,implementation,https://vjudge.net/contest/804183#problem/K,https://vjudge.net/problem/CodeChef-SORTRRAY
1140,804587,88,Team Forming 2026 Onsite - 4,Team Forming,2026-04-13,A,A,CodeChef,DICENUM,1200,Medium,Implementation,implementation,https://vjudge.net/contest/804587#problem/A,https://vjudge.net/problem/CodeChef-DICENUM
1141,804587,88,Team Forming 2026 Onsite - 4,Team Forming,2026-04-13,B,B,CodeChef,PERMUTATION,1310,Medium,Implementation,implementation,https://vjudge.net/contest/804587#problem/B,https://vjudge.net/problem/CodeChef-PERMUTATION
1142,804587,88,Team Forming 2026 Onsite - 4,Team Forming,2026-04-13,C,C,CodeChef,MATDIF,1420,Medium,Implementation,implementation,https://vjudge.net/contest/804587#problem/C,https://vjudge.net/problem/CodeChef-MATDIF
1143,804587,88,Team Forming 2026 Onsite - 4,Team Forming,2026-04-13,D,D,CodeChef,ADDPERM,1530,Medium,Implementation,implementation,https://vjudge.net/contest/804587#problem/D,https://vjudge.net/problem/CodeChef-ADDPERM
1144,804587,88,Team Forming 2026 Onsite - 4,Team Forming,2026-04-13,E,E,CodeChef,NICEQUAD,1640,Hard,Implementation,implementation,https://vjudge.net/contest/804587#problem/E,https://vjudge.net/problem/CodeChef-NICEQUAD
1145,804587,88,Team Forming 2026 Onsite - 4,Team Forming,2026-04-13,F,F,CodeChef,MEX_ARRAY,1750,Hard,Implementation,implementation,https://vjudge.net/contest/804587#problem/F,https://vjudge.net/problem/CodeChef-MEX_ARRAY
1146,804587,88,Team Forming 2026 Onsite - 4,Team Forming,2026-04-13,G,G,CodeChef,GCDLIM,1860,Hard,Implementation,implementation,https://vjudge.net/contest/804587#problem/G,https://vjudge.net/problem/CodeChef-GCDLIM
1147,804587,88,Team Forming 2026 Onsite - 4,Team Forming,2026-04-13,H,H,CodeChef,BATTERY,1970,Hard,Implementation,implementation,https://vjudge.net/contest/804587#problem/H,https://vjudge.net/problem/CodeChef-BATTERY
1148,804587,88,Team Forming 2026 Onsite - 4,Team Forming,2026-04-13,I,I,CodeChef,INTEREST,2080,Expert,Implementation,implementation,https://vjudge.net/contest/804587#problem/I,https://vjudge.net/problem/CodeChef-INTEREST
1149,804587,88,Team Forming 2026 Onsite - 4,Team Forming,2026-04-13,J,J,CodeChef,MEXTREE7,2190,Expert,Implementation,implementation,https://vjudge.net/contest/804587#problem/J,https://vjudge.net/problem/CodeChef-MEXTREE7
1150,804587,88,Team Forming 2026 Onsite - 4,Team Forming,2026-04-13,K,K,CodeChef,MXMEXSEQ,2300,Expert,Implementation,implementation,https://vjudge.net/contest/804587#problem/K,https://vjudge.net/problem/CodeChef-MXMEXSEQ
1151,805225,89,Team Forming 2026 Onsite - 5,Team Forming,2026-04-15,A,A,CodeChef,ANUMLA,1200,Medium,Implementation,implementation,https://vjudge.net/contest/805225#problem/A,https://vjudge.net/problem/CodeChef-ANUMLA
1152,805225,89,Team Forming 2026 Onsite - 5,Team Forming,2026-04-15,B,B,CodeChef,ZOOZ,1310,Medium,Implementation,implementation,https://vjudge.net/contest/805225#problem/B,https://vjudge.net/problem/CodeChef-ZOOZ
1153,805225,89,Team Forming 2026 Onsite - 5,Team Forming,2026-04-15,C,C,CodeChef,ADJSUMPAR,1420,Medium,Implementation,implementation,https://vjudge.net/contest/805225#problem/C,https://vjudge.net/problem/CodeChef-ADJSUMPAR
1154,805225,89,Team Forming 2026 Onsite - 5,Team Forming,2026-04-15,D,D,CodeChef,ALTSTR,1530,Medium,Implementation,implementation,https://vjudge.net/contest/805225#problem/D,https://vjudge.net/problem/CodeChef-ALTSTR
1155,805225,89,Team Forming 2026 Onsite - 5,Team Forming,2026-04-15,E,E,CodeChef,MINSM,1640,Hard,Implementation,implementation,https://vjudge.net/contest/805225#problem/E,https://vjudge.net/problem/CodeChef-MINSM
1156,805225,89,Team Forming 2026 Onsite - 5,Team Forming,2026-04-15,F,F,CodeChef,DPAIRS,1750,Hard,Implementation,implementation,https://vjudge.net/contest/805225#problem/F,https://vjudge.net/problem/CodeChef-DPAIRS
1157,805225,89,Team Forming 2026 Onsite - 5,Team Forming,2026-04-15,G,G,CodeChef,MBOARD,1860,Hard,Implementation,implementation,https://vjudge.net/contest/805225#problem/G,https://vjudge.net/problem/CodeChef-MBOARD
1158,805225,89,Team Forming 2026 Onsite - 5,Team Forming,2026-04-15,H,H,CodeChef,STRSUB,1970,Hard,Implementation,implementation,https://vjudge.net/contest/805225#problem/H,https://vjudge.net/problem/CodeChef-STRSUB
1159,805225,89,Team Forming 2026 Onsite - 5,Team Forming,2026-04-15,I,I,CodeChef,FRBSUM,2080,Expert,Implementation,implementation,https://vjudge.net/contest/805225#problem/I,https://vjudge.net/problem/CodeChef-FRBSUM
1160,806580,90,Team Forming 2026 Onsite - 6,Team Forming,2026-04-20,A,A,CodeChef,GOODSUB6,1200,Medium,Implementation,implementation,https://vjudge.net/contest/806580#problem/A,https://vjudge.net/problem/CodeChef-GOODSUB6
1161,806580,90,Team Forming 2026 Onsite - 6,Team Forming,2026-04-20,B,B,CodeChef,STABARR,1310,Medium,Implementation,implementation,https://vjudge.net/contest/806580#problem/B,https://vjudge.net/problem/CodeChef-STABARR
1162,806580,90,Team Forming 2026 Onsite - 6,Team Forming,2026-04-20,C,C,CodeChef,MAGNET,1420,Medium,Implementation,implementation,https://vjudge.net/contest/806580#problem/C,https://vjudge.net/problem/CodeChef-MAGNET
1163,806580,90,Team Forming 2026 Onsite - 6,Team Forming,2026-04-20,D,D,CodeChef,ASCDESC,1530,Medium,Implementation,implementation,https://vjudge.net/contest/806580#problem/D,https://vjudge.net/problem/CodeChef-ASCDESC
1164,806580,90,Team Forming 2026 Onsite - 6,Team Forming,2026-04-20,E,E,CodeChef,P4149,1640,Hard,Implementation,implementation,https://vjudge.net/contest/806580#problem/E,https://vjudge.net/problem/CodeChef-P4149
1165,806580,90,Team Forming 2026 Onsite - 6,Team Forming,2026-04-20,F,F,CodeChef,GOODSUB7,1750,Hard,Implementation,implementation,https://vjudge.net/contest/806580#problem/F,https://vjudge.net/problem/CodeChef-GOODSUB7
1166,806580,90,Team Forming 2026 Onsite - 6,Team Forming,2026-04-20,G,G,CodeChef,DISJOINTSUB,1860,Hard,Implementation,implementation,https://vjudge.net/contest/806580#problem/G,https://vjudge.net/problem/CodeChef-DISJOINTSUB
1167,806580,90,Team Forming 2026 Onsite - 6,Team Forming,2026-04-20,H,H,CodeChef,EASYPERM,1970,Hard,Implementation,implementation,https://vjudge.net/contest/806580#problem/H,https://vjudge.net/problem/CodeChef-EASYPERM
1168,807851,91,Team Forming 2026 Onsite - 7,Team Forming,2026-04-25,A,Smiley Faces (A),Gym,101401A,1200,Medium,Implementation,implementation,https://vjudge.net/contest/807851#problem/A,https://vjudge.net/problem/Gym-101401A
1169,807851,91,Team Forming 2026 Onsite - 7,Team Forming,2026-04-25,B,Smiley Faces (B),Gym,101401B,1310,Medium,Implementation,implementation,https://vjudge.net/contest/807851#problem/B,https://vjudge.net/problem/Gym-101401B
1170,807851,91,Team Forming 2026 Onsite - 7,Team Forming,2026-04-25,C,Smiley Faces (C),Gym,101401C,1420,Medium,Implementation,implementation,https://vjudge.net/contest/807851#problem/C,https://vjudge.net/problem/Gym-101401C
1171,807851,91,Team Forming 2026 Onsite - 7,Team Forming,2026-04-25,D,Eat And Walk,Gym,101821C,1530,Medium,Implementation,implementation,https://vjudge.net/contest/807851#problem/D,https://vjudge.net/problem/Gym-101821C
1172,807851,91,Team Forming 2026 Onsite - 7,Team Forming,2026-04-25,E,Roads (A),Gym,101401D,1640,Hard,Implementation,implementation,https://vjudge.net/contest/807851#problem/E,https://vjudge.net/problem/Gym-101401D
1173,807851,91,Team Forming 2026 Onsite - 7,Team Forming,2026-04-25,F,Roads (B),Gym,101401E,1750,Hard,Implementation,implementation,https://vjudge.net/contest/807851#problem/F,https://vjudge.net/problem/Gym-101401E
1174,807851,91,Team Forming 2026 Onsite - 7,Team Forming,2026-04-25,G,Search Engine,Gym,101821D,1860,Hard,Binary Search & Two Pointers,"binary search, two pointers",https://vjudge.net/contest/807851#problem/G,https://vjudge.net/problem/Gym-101821D
1175,807851,91,Team Forming 2026 Onsite - 7,Team Forming,2026-04-25,H,Jackaroo,Gym,101401J,1970,Hard,Implementation,implementation,https://vjudge.net/contest/807851#problem/H,https://vjudge.net/problem/Gym-101401J
1176,808448,92,Team Forming 2026 Onsite - 8,Team Forming,2026-04-27,A,Polycarp and Polygon,Gym,100834C,1200,Medium,Geometry,"geometry, math",https://vjudge.net/contest/808448#problem/A,https://vjudge.net/problem/Gym-100834C
1177,808448,92,Team Forming 2026 Onsite - 8,Team Forming,2026-04-27,B,The Censorship Committee,Gym,100923D,1310,Medium,Implementation,implementation,https://vjudge.net/contest/808448#problem/B,https://vjudge.net/problem/Gym-100923D
1178,808448,92,Team Forming 2026 Onsite - 8,Team Forming,2026-04-27,C,Cipher,Gym,100923E,1420,Medium,Implementation,implementation,https://vjudge.net/contest/808448#problem/C,https://vjudge.net/problem/Gym-100923E
1179,808448,92,Team Forming 2026 Onsite - 8,Team Forming,2026-04-27,D,Ktree,Gym,101005B,1530,Medium,Trees,"trees, dfs and similar",https://vjudge.net/contest/808448#problem/D,https://vjudge.net/problem/Gym-101005B
1180,808448,92,Team Forming 2026 Onsite - 8,Team Forming,2026-04-27,E,The Orchard,Gym,100923G,1640,Hard,Implementation,implementation,https://vjudge.net/contest/808448#problem/E,https://vjudge.net/problem/Gym-100923G
1181,808448,92,Team Forming 2026 Onsite - 8,Team Forming,2026-04-27,F,Tree Search,Gym,101005A,1750,Hard,Trees,"trees, dfs and similar",https://vjudge.net/contest/808448#problem/F,https://vjudge.net/problem/Gym-101005A
1182,808448,92,Team Forming 2026 Onsite - 8,Team Forming,2026-04-27,G,Firecracker,Gym,100923K,1860,Hard,Implementation,implementation,https://vjudge.net/contest/808448#problem/G,https://vjudge.net/problem/Gym-100923K
1183,808448,92,Team Forming 2026 Onsite - 8,Team Forming,2026-04-27,H,Bujor,Gym,100923C,1970,Hard,Implementation,implementation,https://vjudge.net/contest/808448#problem/H,https://vjudge.net/problem/Gym-100923C
1184,811576,93,Team Forming 2026 Onsite - 9,Team Forming,2026-05-09,A,A,CodeChef,DIVSET,1200,Medium,Implementation,implementation,https://vjudge.net/contest/811576#problem/A,https://vjudge.net/problem/CodeChef-DIVSET
1185,811576,93,Team Forming 2026 Onsite - 9,Team Forming,2026-05-09,B,B,CodeChef,DELISH,1310,Medium,Implementation,implementation,https://vjudge.net/contest/811576#problem/B,https://vjudge.net/problem/CodeChef-DELISH
1186,811576,93,Team Forming 2026 Onsite - 9,Team Forming,2026-05-09,C,C,CodeChef,CLETAB,1420,Medium,Implementation,implementation,https://vjudge.net/contest/811576#problem/C,https://vjudge.net/problem/CodeChef-CLETAB
1187,811576,93,Team Forming 2026 Onsite - 9,Team Forming,2026-05-09,D,D,CodeChef,RRATING,1530,Medium,Implementation,implementation,https://vjudge.net/contest/811576#problem/D,https://vjudge.net/problem/CodeChef-RRATING
1188,811576,93,Team Forming 2026 Onsite - 9,Team Forming,2026-05-09,E,E,CodeChef,CHEFSEG,1640,Hard,Implementation,implementation,https://vjudge.net/contest/811576#problem/E,https://vjudge.net/problem/CodeChef-CHEFSEG
1189,811576,93,Team Forming 2026 Onsite - 9,Team Forming,2026-05-09,F,F,CodeChef,QSET,1750,Hard,Implementation,implementation,https://vjudge.net/contest/811576#problem/F,https://vjudge.net/problem/CodeChef-QSET
1190,811576,93,Team Forming 2026 Onsite - 9,Team Forming,2026-05-09,G,G,CodeChef,ORDERS,1860,Hard,Implementation,implementation,https://vjudge.net/contest/811576#problem/G,https://vjudge.net/problem/CodeChef-ORDERS
1191,811576,93,Team Forming 2026 Onsite - 9,Team Forming,2026-05-09,H,H,CodeChef,CHEFHAM,1970,Hard,Implementation,implementation,https://vjudge.net/contest/811576#problem/H,https://vjudge.net/problem/CodeChef-CHEFHAM
1192,811576,93,Team Forming 2026 Onsite - 9,Team Forming,2026-05-09,I,I,CodeChef,RRTREE,2080,Expert,Implementation,implementation,https://vjudge.net/contest/811576#problem/I,https://vjudge.net/problem/CodeChef-RRTREE
1193,811576,93,Team Forming 2026 Onsite - 9,Team Forming,2026-05-09,J,J,CodeChef,SEAD,2190,Expert,Implementation,implementation,https://vjudge.net/contest/811576#problem/J,https://vjudge.net/problem/CodeChef-SEAD
1194,811576,93,Team Forming 2026 Onsite - 9,Team Forming,2026-05-09,K,K,CodeChef,LUCKY10,2300,Expert,Implementation,implementation,https://vjudge.net/contest/811576#problem/K,https://vjudge.net/problem/CodeChef-LUCKY10
1195,812090,94,Team Forming 2026 Onsite - 10,Team Forming,2026-05-11,A,Subsequence LCM,CodeChef,LCMSEQ,1200,Medium,Dynamic Programming,dp,https://vjudge.net/contest/812090#problem/A,https://vjudge.net/problem/CodeChef-LCMSEQ
1196,812090,94,Team Forming 2026 Onsite - 10,Team Forming,2026-05-11,B,Sum Over Subarrays,CodeChef,SUMFSUB,1310,Medium,Implementation,implementation,https://vjudge.net/contest/812090#problem/B,https://vjudge.net/problem/CodeChef-SUMFSUB
1197,812090,94,Team Forming 2026 Onsite - 10,Team Forming,2026-05-11,C,Max Nutrition,CodeChef,NUTRITION,1420,Medium,Implementation,implementation,https://vjudge.net/contest/812090#problem/C,https://vjudge.net/problem/CodeChef-NUTRITION
1198,812090,94,Team Forming 2026 Onsite - 10,Team Forming,2026-05-11,D,Even Equal Odd,CodeChef,EVEQODD,1530,Medium,Implementation,implementation,https://vjudge.net/contest/812090#problem/D,https://vjudge.net/problem/CodeChef-EVEQODD
1199,812090,94,Team Forming 2026 Onsite - 10,Team Forming,2026-05-11,E,Anti Palindrome,CodeChef,ANTIPALINDR,1640,Hard,Strings,"strings, hashing",https://vjudge.net/contest/812090#problem/E,https://vjudge.net/problem/CodeChef-ANTIPALINDR
1200,812090,94,Team Forming 2026 Onsite - 10,Team Forming,2026-05-11,F,Divisible by A_i,CodeChef,DIVISIBLEBY,1750,Hard,Implementation,implementation,https://vjudge.net/contest/812090#problem/F,https://vjudge.net/problem/CodeChef-DIVISIBLEBY
1201,812090,94,Team Forming 2026 Onsite - 10,Team Forming,2026-05-11,G,MEX-OR,CodeChef,MEXOR,1860,Hard,Implementation,implementation,https://vjudge.net/contest/812090#problem/G,https://vjudge.net/problem/CodeChef-MEXOR
1202,812090,94,Team Forming 2026 Onsite - 10,Team Forming,2026-05-11,H,Digit Operation,CodeChef,DIGITOP,1970,Hard,Implementation,implementation,https://vjudge.net/contest/812090#problem/H,https://vjudge.net/problem/CodeChef-DIGITOP
1203,812090,94,Team Forming 2026 Onsite - 10,Team Forming,2026-05-11,I,Swaps in a String,CodeChef,SWAPSTR,2080,Expert,Strings,"strings, hashing",https://vjudge.net/contest/812090#problem/I,https://vjudge.net/problem/CodeChef-SWAPSTR
1204,812090,94,Team Forming 2026 Onsite - 10,Team Forming,2026-05-11,J,Swap Permutation 2,CodeChef,SWAPPERM2,2190,Expert,Implementation,implementation,https://vjudge.net/contest/812090#problem/J,https://vjudge.net/problem/CodeChef-SWAPPERM2
1205,812090,94,Team Forming 2026 Onsite - 10,Team Forming,2026-05-11,K,Count Sequences,CodeChef,COUNTSEQ2,2300,Expert,Implementation,implementation,https://vjudge.net/contest/812090#problem/K,https://vjudge.net/problem/CodeChef-COUNTSEQ2
1206,817088,95,Team Forming 2026 Onsite - 11,Team Forming,2026-05-18,A,A,Gym,105198L,1200,Medium,Implementation,implementation,https://vjudge.net/contest/817088#problem/A,https://vjudge.net/problem/Gym-105198L
1207,817088,95,Team Forming 2026 Onsite - 11,Team Forming,2026-05-18,B,B,Gym,105198M,1310,Medium,Implementation,implementation,https://vjudge.net/contest/817088#problem/B,https://vjudge.net/problem/Gym-105198M
1208,817088,95,Team Forming 2026 Onsite - 11,Team Forming,2026-05-18,C,C,Gym,105198J,1420,Medium,Implementation,implementation,https://vjudge.net/contest/817088#problem/C,https://vjudge.net/problem/Gym-105198J
1209,817088,95,Team Forming 2026 Onsite - 11,Team Forming,2026-05-18,D,D,Gym,105198B,1530,Medium,Implementation,implementation,https://vjudge.net/contest/817088#problem/D,https://vjudge.net/problem/Gym-105198B
1210,817088,95,Team Forming 2026 Onsite - 11,Team Forming,2026-05-18,E,E,Gym,105198E,1640,Hard,Implementation,implementation,https://vjudge.net/contest/817088#problem/E,https://vjudge.net/problem/Gym-105198E
1211,817088,95,Team Forming 2026 Onsite - 11,Team Forming,2026-05-18,F,F,Gym,105198H,1750,Hard,Implementation,implementation,https://vjudge.net/contest/817088#problem/F,https://vjudge.net/problem/Gym-105198H
1212,817088,95,Team Forming 2026 Onsite - 11,Team Forming,2026-05-18,G,G,Gym,105198I,1860,Hard,Implementation,implementation,https://vjudge.net/contest/817088#problem/G,https://vjudge.net/problem/Gym-105198I
1213,817088,95,Team Forming 2026 Onsite - 11,Team Forming,2026-05-18,H,H,Gym,105198D,1970,Hard,Implementation,implementation,https://vjudge.net/contest/817088#problem/H,https://vjudge.net/problem/Gym-105198D
1214,817088,95,Team Forming 2026 Onsite - 11,Team Forming,2026-05-18,I,I,Gym,105198F,2080,Expert,Implementation,implementation,https://vjudge.net/contest/817088#problem/I,https://vjudge.net/problem/Gym-105198F
1215,817088,95,Team Forming 2026 Onsite - 11,Team Forming,2026-05-18,J,J,Gym,100739A,2190,Expert,Implementation,implementation,https://vjudge.net/contest/817088#problem/J,https://vjudge.net/problem/Gym-100739A
1216,817088,95,Team Forming 2026 Onsite - 11,Team Forming,2026-05-18,K,K,Gym,100739G,2300,Expert,Implementation,implementation,https://vjudge.net/contest/817088#problem/K,https://vjudge.net/problem/Gym-100739G
1217,824915,96,Team Practice Contest Onsite - 01,Team Practice,2026-06-20,A,Ants on a Ring,Gym,106416A,1100,Easy,Implementation,implementation,https://vjudge.net/contest/824915#problem/A,https://vjudge.net/problem/Gym-106416A
1218,824915,96,Team Practice Contest Onsite - 01,Team Practice,2026-06-20,B,Booksort,Gym,106416B,1200,Medium,Implementation,implementation,https://vjudge.net/contest/824915#problem/B,https://vjudge.net/problem/Gym-106416B
1219,824915,96,Team Practice Contest Onsite - 01,Team Practice,2026-06-20,C,Crop Circles,Gym,106416C,1300,Medium,Geometry,"geometry, math",https://vjudge.net/contest/824915#problem/C,https://vjudge.net/problem/Gym-106416C
1220,824915,96,Team Practice Contest Onsite - 01,Team Practice,2026-06-20,D,Dropshipping,Gym,106416D,1400,Medium,Implementation,implementation,https://vjudge.net/contest/824915#problem/D,https://vjudge.net/problem/Gym-106416D
1221,824915,96,Team Practice Contest Onsite - 01,Team Practice,2026-06-20,E,Eye Exam,Gym,106416E,1500,Medium,Implementation,implementation,https://vjudge.net/contest/824915#problem/E,https://vjudge.net/problem/Gym-106416E
1222,824915,96,Team Practice Contest Onsite - 01,Team Practice,2026-06-20,F,Fun with Balls,Gym,106416F,1600,Hard,Implementation,implementation,https://vjudge.net/contest/824915#problem/F,https://vjudge.net/problem/Gym-106416F
1223,824915,96,Team Practice Contest Onsite - 01,Team Practice,2026-06-20,G,GATA-CAT,Gym,106416G,1700,Hard,Implementation,implementation,https://vjudge.net/contest/824915#problem/G,https://vjudge.net/problem/Gym-106416G
1224,824915,96,Team Practice Contest Onsite - 01,Team Practice,2026-06-20,H,Holes and Tunnels,Gym,106416H,1800,Hard,Implementation,implementation,https://vjudge.net/contest/824915#problem/H,https://vjudge.net/problem/Gym-106416H
1225,824915,96,Team Practice Contest Onsite - 01,Team Practice,2026-06-20,I,Inversion Game,Gym,106416I,1900,Hard,Games & Constructive,"games, constructive algorithms",https://vjudge.net/contest/824915#problem/I,https://vjudge.net/problem/Gym-106416I
1226,824915,96,Team Practice Contest Onsite - 01,Team Practice,2026-06-20,J,Jaime's Palace,Gym,106416J,2000,Expert,Implementation,implementation,https://vjudge.net/contest/824915#problem/J,https://vjudge.net/problem/Gym-106416J
1227,824915,96,Team Practice Contest Onsite - 01,Team Practice,2026-06-20,K,Kitten Greetings,Gym,106416K,2100,Expert,Implementation,implementation,https://vjudge.net/contest/824915#problem/K,https://vjudge.net/problem/Gym-106416K
1228,824915,96,Team Practice Contest Onsite - 01,Team Practice,2026-06-20,L,Late and Disobedient,Gym,106416L,2100,Expert,Implementation,implementation,https://vjudge.net/contest/824915#problem/L,https://vjudge.net/problem/Gym-106416L
1229,826829,97,Team Forming 2026 Onsite - 12,Team Forming,2026-06-29,A,A,Gym,106461O,1200,Medium,Implementation,implementation,https://vjudge.net/contest/826829#problem/A,https://vjudge.net/problem/Gym-106461O
1230,826829,97,Team Forming 2026 Onsite - 12,Team Forming,2026-06-29,B,B,CodeForces,301D,2200,Expert,Data Structures,data structures,https://vjudge.net/contest/826829#problem/B,https://vjudge.net/problem/CodeForces-301D
1231,826829,97,Team Forming 2026 Onsite - 12,Team Forming,2026-06-29,C,C,Gym,104077C,1420,Medium,Implementation,implementation,https://vjudge.net/contest/826829#problem/C,https://vjudge.net/problem/Gym-104077C
1232,826829,97,Team Forming 2026 Onsite - 12,Team Forming,2026-06-29,D,D,Gym,106169J,1530,Medium,Implementation,implementation,https://vjudge.net/contest/826829#problem/D,https://vjudge.net/problem/Gym-106169J
1233,826829,97,Team Forming 2026 Onsite - 12,Team Forming,2026-06-29,E,E,Gym,103202H,1640,Hard,Implementation,implementation,https://vjudge.net/contest/826829#problem/E,https://vjudge.net/problem/Gym-103202H
1234,826829,97,Team Forming 2026 Onsite - 12,Team Forming,2026-06-29,F,F,Gym,106562L,1750,Hard,Implementation,implementation,https://vjudge.net/contest/826829#problem/F,https://vjudge.net/problem/Gym-106562L
1235,826829,97,Team Forming 2026 Onsite - 12,Team Forming,2026-06-29,G,G,Gym,106414J,1860,Hard,Implementation,implementation,https://vjudge.net/contest/826829#problem/G,https://vjudge.net/problem/Gym-106414J
1236,826829,97,Team Forming 2026 Onsite - 12,Team Forming,2026-06-29,H,H,CSES,1736,2000,Expert,Data Structures,"data structures, lazy segment tree",https://vjudge.net/contest/826829#problem/H,https://vjudge.net/problem/CSES-1736
1237,826829,97,Team Forming 2026 Onsite - 12,Team Forming,2026-06-29,I,I,Gym,106562A,2080,Expert,Implementation,implementation,https://vjudge.net/contest/826829#problem/I,https://vjudge.net/problem/Gym-106562A
1238,826829,97,Team Forming 2026 Onsite - 12,Team Forming,2026-06-29,J,J,Gym,106414E,2190,Expert,Implementation,implementation,https://vjudge.net/contest/826829#problem/J,https://vjudge.net/problem/Gym-106414E
1239,828372,98,Team Forming 2026 Onsite - 13,Team Forming,2026-07-06,A,Ascending Photo,Gym,101623A,1200,Medium,Implementation,implementation,https://vjudge.net/contest/828372#problem/A,https://vjudge.net/problem/Gym-101623A
1240,828372,98,Team Forming 2026 Onsite - 13,Team Forming,2026-07-06,B,Boss Battle,Gym,101623B,1310,Medium,Implementation,implementation,https://vjudge.net/contest/828372#problem/B,https://vjudge.net/problem/Gym-101623B
1241,828372,98,Team Forming 2026 Onsite - 13,Team Forming,2026-07-06,C,Connect the Dots,Gym,101623C,1420,Medium,Implementation,implementation,https://vjudge.net/contest/828372#problem/C,https://vjudge.net/problem/Gym-101623C
1242,828372,98,Team Forming 2026 Onsite - 13,Team Forming,2026-07-06,D,Dunglish,Gym,101623D,1530,Medium,Implementation,implementation,https://vjudge.net/contest/828372#problem/D,https://vjudge.net/problem/Gym-101623D
1243,828372,98,Team Forming 2026 Onsite - 13,Team Forming,2026-07-06,E,English Restaurant,Gym,101623E,1640,Hard,Implementation,implementation,https://vjudge.net/contest/828372#problem/E,https://vjudge.net/problem/Gym-101623E
1244,828372,98,Team Forming 2026 Onsite - 13,Team Forming,2026-07-06,F,Factor-Free Tree,Gym,101623F,1750,Hard,Trees,"trees, dfs and similar",https://vjudge.net/contest/828372#problem/F,https://vjudge.net/problem/Gym-101623F
1245,828372,98,Team Forming 2026 Onsite - 13,Team Forming,2026-07-06,G,Glyph Recognition,Gym,101623G,1860,Hard,Implementation,implementation,https://vjudge.net/contest/828372#problem/G,https://vjudge.net/problem/Gym-101623G
1246,828372,98,Team Forming 2026 Onsite - 13,Team Forming,2026-07-06,H,High Score,Gym,101623H,1970,Hard,Implementation,implementation,https://vjudge.net/contest/828372#problem/H,https://vjudge.net/problem/Gym-101623H
1247,828372,98,Team Forming 2026 Onsite - 13,Team Forming,2026-07-06,I,Installing Apps,Gym,101623I,2080,Expert,Implementation,implementation,https://vjudge.net/contest/828372#problem/I,https://vjudge.net/problem/Gym-101623I
1248,828372,98,Team Forming 2026 Onsite - 13,Team Forming,2026-07-06,J,Juggling Troupe,Gym,101623J,2190,Expert,Implementation,implementation,https://vjudge.net/contest/828372#problem/J,https://vjudge.net/problem/Gym-101623J
1249,828372,98,Team Forming 2026 Onsite - 13,Team Forming,2026-07-06,K,Knockout Tournament,Gym,101623K,2300,Expert,Implementation,implementation,https://vjudge.net/contest/828372#problem/K,https://vjudge.net/problem/Gym-101623K
1250,831759,99,Team Forming 2026 Onsite - 14,Team Forming,2026-07-18,A,A,CodeForces,609E,2100,Expert,Trees,"data structures, dfs and similar, dsu, graphs, trees",https://vjudge.net/contest/831759#problem/A,https://vjudge.net/problem/CodeForces-609E
1251,831759,99,Team Forming 2026 Onsite - 14,Team Forming,2026-07-18,B,B,Gym,106151C,1310,Medium,Implementation,implementation,https://vjudge.net/contest/831759#problem/B,https://vjudge.net/problem/Gym-106151C
1252,831759,99,Team Forming 2026 Onsite - 14,Team Forming,2026-07-18,C,C,CodeForces,1487C,1500,Medium,Graphs,"brute force, constructive algorithms, dfs and similar, graphs, greedy, implementation, math",https://vjudge.net/contest/831759#problem/C,https://vjudge.net/problem/CodeForces-1487C
1253,831759,99,Team Forming 2026 Onsite - 14,Team Forming,2026-07-18,D,D,CodeForces,1213G,1800,Hard,Trees,"divide and conquer, dsu, graphs, sortings, trees",https://vjudge.net/contest/831759#problem/D,https://vjudge.net/problem/CodeForces-1213G
1254,831759,99,Team Forming 2026 Onsite - 14,Team Forming,2026-07-18,E,E,Gym,100633D,1640,Hard,Implementation,implementation,https://vjudge.net/contest/831759#problem/E,https://vjudge.net/problem/Gym-100633D
1255,831759,99,Team Forming 2026 Onsite - 14,Team Forming,2026-07-18,F,F,CodeForces,939A,800,Easy,Graphs,graphs,https://vjudge.net/contest/831759#problem/F,https://vjudge.net/problem/CodeForces-939A
1256,831759,99,Team Forming 2026 Onsite - 14,Team Forming,2026-07-18,G,G,CodeForces,913B,1200,Medium,Trees,"implementation, trees",https://vjudge.net/contest/831759#problem/G,https://vjudge.net/problem/CodeForces-913B
1257,831759,99,Team Forming 2026 Onsite - 14,Team Forming,2026-07-18,H,H,Gym,106144L,1970,Hard,Implementation,implementation,https://vjudge.net/contest/831759#problem/H,https://vjudge.net/problem/Gym-106144L
1258,831759,99,Team Forming 2026 Onsite - 14,Team Forming,2026-07-18,I,I,CodeForces,570D,2200,Expert,Trees,"binary search, bitmasks, constructive algorithms, dfs and similar, graphs, trees",https://vjudge.net/contest/831759#problem/I,https://vjudge.net/problem/CodeForces-570D
1259,831759,99,Team Forming 2026 Onsite - 14,Team Forming,2026-07-18,J,J,CodeForces,845G,2300,Expert,Graphs,"dfs and similar, graphs, math",https://vjudge.net/contest/831759#problem/J,https://vjudge.net/problem/CodeForces-845G
1260,832053,100,Team Forming 2026 Onsite - 15,Team Forming,2026-07-20,A,A,Gym,101611C,1200,Medium,Implementation,implementation,https://vjudge.net/contest/832053#problem/A,https://vjudge.net/problem/Gym-101611C
1261,832053,100,Team Forming 2026 Onsite - 15,Team Forming,2026-07-20,B,B,CodeForces,166B,2100,Expert,Geometry,"geometry, sortings",https://vjudge.net/contest/832053#problem/B,https://vjudge.net/problem/CodeForces-166B
1262,832053,100,Team Forming 2026 Onsite - 15,Team Forming,2026-07-20,C,C,CodeForces,660D,1900,Hard,Geometry,geometry,https://vjudge.net/contest/832053#problem/C,https://vjudge.net/problem/CodeForces-660D
1263,832053,100,Team Forming 2026 Onsite - 15,Team Forming,2026-07-20,D,D,CodeForces,251A,1300,Medium,Binary Search & Two Pointers,"binary search, combinatorics, two pointers",https://vjudge.net/contest/832053#problem/D,https://vjudge.net/problem/CodeForces-251A
1264,832053,100,Team Forming 2026 Onsite - 15,Team Forming,2026-07-20,E,E,Toph,consephull,1640,Hard,Implementation,implementation,https://vjudge.net/contest/832053#problem/E,https://vjudge.net/problem/Toph-consephull
1265,832053,100,Team Forming 2026 Onsite - 15,Team Forming,2026-07-20,F,F,CodeForces,613A,1900,Hard,Geometry,"binary search, geometry, ternary search",https://vjudge.net/contest/832053#problem/F,https://vjudge.net/problem/CodeForces-613A
1266,832053,100,Team Forming 2026 Onsite - 15,Team Forming,2026-07-20,G,G,Gym,104246D,1860,Hard,Implementation,implementation,https://vjudge.net/contest/832053#problem/G,https://vjudge.net/problem/Gym-104246D
1267,832053,100,Team Forming 2026 Onsite - 15,Team Forming,2026-07-20,H,H,CodeForces,1019D,2700,Expert,Geometry,"binary search, geometry, sortings",https://vjudge.net/contest/832053#problem/H,https://vjudge.net/problem/CodeForces-1019D
1268,849414,101,Team Forming 2026 Onsite - 16,Team Forming,2026-09-14,A,A Funny Stone Game,UVA,1378,1200,Medium,Games & Constructive,"games, constructive algorithms",https://vjudge.net/contest/849414#problem/A,https://vjudge.net/problem/UVA-1378
1269,849414,101,Team Forming 2026 Onsite - 16,Team Forming,2026-09-14,B,Baby name,Gym,102700B,1310,Medium,Implementation,implementation,https://vjudge.net/contest/849414#problem/B,https://vjudge.net/problem/Gym-102700B
1270,849414,101,Team Forming 2026 Onsite - 16,Team Forming,2026-09-14,C,Betrayed,Gym,101086K,1420,Medium,Implementation,implementation,https://vjudge.net/contest/849414#problem/C,https://vjudge.net/problem/Gym-101086K
1271,849414,101,Team Forming 2026 Onsite - 16,Team Forming,2026-09-14,D,Special Number,UVA,11533,1530,Medium,Implementation,implementation,https://vjudge.net/contest/849414#problem/D,https://vjudge.net/problem/UVA-11533
1272,849414,101,Team Forming 2026 Onsite - 16,Team Forming,2026-09-14,E,Set of Marbles,UVA,11535,1640,Hard,Implementation,implementation,https://vjudge.net/contest/849414#problem/E,https://vjudge.net/problem/UVA-11535
1273,849414,101,Team Forming 2026 Onsite - 16,Team Forming,2026-09-14,F,Two Sets,CodeForces,251D,2700,Expert,Math & Number Theory,"bitmasks, math",https://vjudge.net/contest/849414#problem/F,https://vjudge.net/problem/CodeForces-251D
1274,849414,101,Team Forming 2026 Onsite - 16,Team Forming,2026-09-14,G,Berland SU Computer Network,CodeForces,847L,2400,Expert,Trees,"constructive algorithms, dfs and similar, graphs, hashing, trees",https://vjudge.net/contest/849414#problem/G,https://vjudge.net/problem/CodeForces-847L
1275,849414,101,Team Forming 2026 Onsite - 16,Team Forming,2026-09-14,H,Great dinner,Gym,102700G,1970,Hard,Implementation,implementation,https://vjudge.net/contest/849414#problem/H,https://vjudge.net/problem/Gym-102700G
1276,850432,102,Team Forming 2026 Onsite - 17,Team Forming,2026-09-19,A,A,Gym,106540A,1200,Medium,Implementation,implementation,https://vjudge.net/contest/850432#problem/A,https://vjudge.net/problem/Gym-106540A
1277,850432,102,Team Forming 2026 Onsite - 17,Team Forming,2026-09-19,B,B,Gym,106540G,1310,Medium,Implementation,implementation,https://vjudge.net/contest/850432#problem/B,https://vjudge.net/problem/Gym-106540G
1278,850432,102,Team Forming 2026 Onsite - 17,Team Forming,2026-09-19,C,C,Gym,106484F,1420,Medium,Implementation,implementation,https://vjudge.net/contest/850432#problem/C,https://vjudge.net/problem/Gym-106484F
1279,850432,102,Team Forming 2026 Onsite - 17,Team Forming,2026-09-19,D,D,CodeForces,805B,1000,Easy,Games & Constructive,constructive algorithms,https://vjudge.net/contest/850432#problem/D,https://vjudge.net/problem/CodeForces-805B
1280,850432,102,Team Forming 2026 Onsite - 17,Team Forming,2026-09-19,E,E,CodeForces,1015D,1600,Hard,Games & Constructive,"constructive algorithms, greedy",https://vjudge.net/contest/850432#problem/E,https://vjudge.net/problem/CodeForces-1015D
1281,850432,102,Team Forming 2026 Onsite - 17,Team Forming,2026-09-19,F,F,CodeForces,1023E,2100,Expert,Games & Constructive,"constructive algorithms, interactive, matrices",https://vjudge.net/contest/850432#problem/F,https://vjudge.net/problem/CodeForces-1023E
1282,850432,102,Team Forming 2026 Onsite - 17,Team Forming,2026-09-19,G,G,AtCoder,agc016_b,1973,Hard,Implementation,"implementation, basic math",https://vjudge.net/contest/850432#problem/G,https://vjudge.net/problem/AtCoder-agc016_b
1283,850432,102,Team Forming 2026 Onsite - 17,Team Forming,2026-09-19,H,H,AtCoder,abc177_c,1090,Easy,Greedy,"greedy, math, binary search",https://vjudge.net/contest/850432#problem/H,https://vjudge.net/problem/AtCoder-abc177_c
1284,850432,102,Team Forming 2026 Onsite - 17,Team Forming,2026-09-19,I,I,AtCoder,abc293_e,1821,Hard,Data Structures,"data structures, dp, graphs",https://vjudge.net/contest/850432#problem/I,https://vjudge.net/problem/AtCoder-abc293_e
1285,850432,102,Team Forming 2026 Onsite - 17,Team Forming,2026-09-19,J,J,AtCoder,abc221_a,800,Easy,Implementation,"implementation, basic math",https://vjudge.net/contest/850432#problem/J,https://vjudge.net/problem/AtCoder-abc221_a
1286,850826,103,Team Forming 2026 Onsite - 18,Team Forming,2026-09-26,A,A,Gym,101778A,1200,Medium,Implementation,implementation,https://vjudge.net/contest/850826#problem/A,https://vjudge.net/problem/Gym-101778A
1287,850826,103,Team Forming 2026 Onsite - 18,Team Forming,2026-09-26,B,B,Gym,101778B,1310,Medium,Implementation,implementation,https://vjudge.net/contest/850826#problem/B,https://vjudge.net/problem/Gym-101778B
1288,850826,103,Team Forming 2026 Onsite - 18,Team Forming,2026-09-26,C,C,Gym,101778C,1420,Medium,Implementation,implementation,https://vjudge.net/contest/850826#problem/C,https://vjudge.net/problem/Gym-101778C
1289,850826,103,Team Forming 2026 Onsite - 18,Team Forming,2026-09-26,D,D,Gym,101778D,1530,Medium,Implementation,implementation,https://vjudge.net/contest/850826#problem/D,https://vjudge.net/problem/Gym-101778D
1290,850826,103,Team Forming 2026 Onsite - 18,Team Forming,2026-09-26,E,E,Gym,101778E,1640,Hard,Implementation,implementation,https://vjudge.net/contest/850826#problem/E,https://vjudge.net/problem/Gym-101778E
1291,850826,103,Team Forming 2026 Onsite - 18,Team Forming,2026-09-26,F,F,Gym,101778F,1750,Hard,Implementation,implementation,https://vjudge.net/contest/850826#problem/F,https://vjudge.net/problem/Gym-101778F
1292,850826,103,Team Forming 2026 Onsite - 18,Team Forming,2026-09-26,G,G,Gym,101778G,1860,Hard,Implementation,implementation,https://vjudge.net/contest/850826#problem/G,https://vjudge.net/problem/Gym-101778G
1293,850826,103,Team Forming 2026 Onsite - 18,Team Forming,2026-09-26,H,H,Gym,101778H,1970,Hard,Implementation,implementation,https://vjudge.net/contest/850826#problem/H,https://vjudge.net/problem/Gym-101778H
1294,850826,103,Team Forming 2026 Onsite - 18,Team Forming,2026-09-26,I,I,Gym,101778I,2080,Expert,Implementation,implementation,https://vjudge.net/contest/850826#problem/I,https://vjudge.net/problem/Gym-101778I
1295,850826,103,Team Forming 2026 Onsite - 18,Team Forming,2026-09-26,J,J,Gym,101778J,2190,Expert,Implementation,implementation,https://vjudge.net/contest/850826#problem/J,https://vjudge.net/problem/Gym-101778J
1296,850826,103,Team Forming 2026 Onsite - 18,Team Forming,2026-09-26,K,K,Gym,101778K,2300,Expert,Implementation,implementation,https://vjudge.net/contest/850826#problem/K,https://vjudge.net/problem/Gym-101778K
1297,851893,104,Beginner's Weekly Contest - 1,Beginner Contest,2026-09-24,A,Aha Bhoot,AtCoder,abc213_a,800,Easy,Implementation,"implementation, basic math",https://vjudge.net/contest/851893#problem/A,https://vjudge.net/problem/AtCoder-abc213_a
1298,851893,104,Beginner's Weekly Contest - 1,Beginner Contest,2026-09-24,B,Baha Bhoot,AtCoder,abc237_a,800,Easy,Implementation,"implementation, basic math",https://vjudge.net/contest/851893#problem/B,https://vjudge.net/problem/AtCoder-abc237_a
1299,851893,104,Beginner's Weekly Contest - 1,Beginner Contest,2026-09-24,C,Kiba Bhoot,Toph,caesar-cipher,1060,Easy,Implementation,implementation,https://vjudge.net/contest/851893#problem/C,https://vjudge.net/problem/Toph-caesar-cipher
1300,851893,104,Beginner's Weekly Contest - 1,Beginner Contest,2026-09-24,D,Kimbhoot,CSES,1095,900,Easy,Math & Number Theory,"math, number theory, modular arithmetic",https://vjudge.net/contest/851893#problem/D,https://vjudge.net/problem/CSES-1095
1301,851893,104,Beginner's Weekly Contest - 1,Beginner Contest,2026-09-24,E,Baba Bhoot,AtCoder,abc352_b,800,Easy,Implementation,"implementation, basic math",https://vjudge.net/contest/851893#problem/E,https://vjudge.net/problem/AtCoder-abc352_b
1302,851893,104,Beginner's Weekly Contest - 1,Beginner Contest,2026-09-24,F,Chhana Bhoot,CodeForces,2019A,800,Easy,Dynamic Programming,"brute force, dp, greedy",https://vjudge.net/contest/851893#problem/F,https://vjudge.net/problem/CodeForces-2019A
1303,851893,104,Beginner's Weekly Contest - 1,Beginner Contest,2026-09-24,G,Khora Bhoot,AtCoder,abc383_b,984,Easy,Implementation,"implementation, basic math",https://vjudge.net/contest/851893#problem/G,https://vjudge.net/problem/AtCoder-abc383_b
1304,851893,104,Beginner's Weekly Contest - 1,Beginner Contest,2026-09-24,H,Kana Bhoot,CodeForces,2096D,2000,Expert,Math & Number Theory,"combinatorics, constructive algorithms, math",https://vjudge.net/contest/851893#problem/H,https://vjudge.net/problem/CodeForces-2096D
1305,851893,104,Beginner's Weekly Contest - 1,Beginner Contest,2026-09-24,I,Kacha Bhoot,CodeChef,DESTBRIDGE2,1400,Medium,Implementation,implementation,https://vjudge.net/contest/851893#problem/I,https://vjudge.net/problem/CodeChef-DESTBRIDGE2
1306,851893,104,Beginner's Weekly Contest - 1,Beginner Contest,2026-09-24,J,Paka Bhoot,CodeForces,1949I,1800,Hard,Graphs,"dfs and similar, geometry, graph matchings, graphs",https://vjudge.net/contest/851893#problem/J,https://vjudge.net/problem/CodeForces-1949I
1307,851244,105,Girls Practice Contest-01 (Online),Girls Contest,2026-09-22,A,Discount,AtCoder,abc193_a,800,Easy,Implementation,"implementation, basic math",https://vjudge.net/contest/851244#problem/A,https://vjudge.net/problem/AtCoder-abc193_a
1308,851244,105,Girls Practice Contest-01 (Online),Girls Contest,2026-09-22,B,Food Costs,CodeChef,FOODCOST,1090,Easy,Geometry,"geometry, math",https://vjudge.net/contest/851244#problem/B,https://vjudge.net/problem/CodeChef-FOODCOST
1309,851244,105,Girls Practice Contest-01 (Online),Girls Contest,2026-09-22,C,String Palindrome,AtCoder,abc159_b,800,Easy,Strings,strings,https://vjudge.net/contest/851244#problem/C,https://vjudge.net/problem/AtCoder-abc159_b
1310,851244,105,Girls Practice Contest-01 (Online),Girls Contest,2026-09-22,D,Alchemist,AtCoder,abc138_c,800,Easy,Greedy,"greedy, math, binary search",https://vjudge.net/contest/851244#problem/D,https://vjudge.net/problem/AtCoder-abc138_c
1311,851244,105,Girls Practice Contest-01 (Online),Girls Contest,2026-09-22,E,Eating Candies,CodeForces,1669F,1100,Easy,Data Structures,"binary search, data structures, greedy, two pointers",https://vjudge.net/contest/851244#problem/E,https://vjudge.net/problem/CodeForces-1669F
1312,851244,105,Girls Practice Contest-01 (Online),Girls Contest,2026-09-22,F,Visibility,AtCoder,abc197_b,800,Easy,Implementation,"implementation, basic math",https://vjudge.net/contest/851244#problem/F,https://vjudge.net/problem/AtCoder-abc197_b
1313,851244,105,Girls Practice Contest-01 (Online),Girls Contest,2026-09-22,G,Funny Hand,CodeChef,FUNHAND,1540,Medium,Geometry,"geometry, math",https://vjudge.net/contest/851244#problem/G,https://vjudge.net/problem/CodeChef-FUNHAND
1314,851244,105,Girls Practice Contest-01 (Online),Girls Contest,2026-09-22,H,GCD on Blackboard,AtCoder,abc125_c,1598,Medium,Math & Number Theory,"math, number theory",https://vjudge.net/contest/851244#problem/H,https://vjudge.net/problem/AtCoder-abc125_c
1315,851244,105,Girls Practice Contest-01 (Online),Girls Contest,2026-09-22,I,Minimise Maximum Subarray Sum,CodeChef,MINIMISEMAX,1720,Hard,Geometry,"geometry, math",https://vjudge.net/contest/851244#problem/I,https://vjudge.net/problem/CodeChef-MINIMISEMAX
1316,851244,105,Girls Practice Contest-01 (Online),Girls Contest,2026-09-22,J,Rock and Lever,CodeForces,1420B,1200,Medium,Math & Number Theory,"bitmasks, math",https://vjudge.net/contest/851244#problem/J,https://vjudge.net/problem/CodeForces-1420B
1317,851244,105,Girls Practice Contest-01 (Online),Girls Contest,2026-09-22,K,Magic Powder - 1,CodeForces,670D1,1400,Medium,Binary Search & Two Pointers,"binary search, brute force, implementation",https://vjudge.net/contest/851244#problem/K,https://vjudge.net/problem/CodeForces-670D1
